[2026-03-24 05:12:02] local.ERROR: SQLSTATE[23000]: Integrity constraint violation: 1062 Duplicate entry 'buyer@coircraft.ph' for key 'users_email_unique' (Connection: mysql, SQL: insert into `users` (`full_name`, `email`, `password`, `mobile_number`, `address`, `updated_at`, `created_at`) values (Juan dela Cruz, buyer@coircraft.ph, $2y$12$kz.opPOiwE9Qxn7rALRPoudGmKZLWRx5Mz1erWn5T4F.OvEn4T3Mm, 09171234567, 123 Sampaguita St., Quezon City, Metro Manila, 2026-03-24 05:12:02, 2026-03-24 05:12:02)) {"exception":"[object] (Illuminate\\Database\\UniqueConstraintViolationException(code: 23000): SQLSTATE[23000]: Integrity constraint violation: 1062 Duplicate entry 'buyer@coircraft.ph' for key 'users_email_unique' (Connection: mysql, SQL: insert into `users` (`full_name`, `email`, `password`, `mobile_number`, `address`, `updated_at`, `created_at`) values (Juan dela Cruz, buyer@coircraft.ph, $2y$12$kz.opPOiwE9Qxn7rALRPoudGmKZLWRx5Mz1erWn5T4F.OvEn4T3Mm, 09171234567, 123 Sampaguita St., Quezon City, Metro Manila, 2026-03-24 05:12:02, 2026-03-24 05:12:02)) at C:/Users/Rurie/Downloads/coircraft-ph (1)/coircraft/backend/vendor/laravel/framework/src/Illuminate/Database/Connection.php:820)
[stacktrace]
#0 C:/Users/Rurie/Downloads/coircraft-ph (1)/coircraft/backend/vendor/laravel/framework/src/Illuminate/Database/Connection.php(779): Illuminate/Database/Connection->runQueryCallback('insert into `us...', Array, Object(Closure))
#1 C:/Users/Rurie/Downloads/coircraft-ph (1)/coircraft/backend/vendor/laravel/framework/src/Illuminate/Database/MySqlConnection.php(42): Illuminate/Database/Connection->run('insert into `us...', Array, Object(Closure))
#2 C:/Users/Rurie/Downloads/coircraft-ph (1)/coircraft/backend/vendor/laravel/framework/src/Illuminate/Database/Query/Processors/MySqlProcessor.php(35): Illuminate/Database/MySqlConnection->insert('insert into `us...', Array, 'id')
#3 C:/Users/Rurie/Downloads/coircraft-ph (1)/coircraft/backend/vendor/laravel/framework/src/Illuminate/Database/Query/Builder.php(3766): Illuminate/Database/Query/Processors/MySqlProcessor->processInsertGetId(Object(Illuminate/Database/Query/Builder), 'insert into `us...', Array, 'id')
#4 C:/Users/Rurie/Downloads/coircraft-ph (1)/coircraft/backend/vendor/laravel/framework/src/Illuminate/Database/Eloquent/Builder.php(2120): Illuminate/Database/Query/Builder->insertGetId(Array, 'id')
#5 C:/Users/Rurie/Downloads/coircraft-ph (1)/coircraft/backend/vendor/laravel/framework/src/Illuminate/Database/Eloquent/Model.php(1359): Illuminate/Database/Eloquent/Builder->__call('insertGetId', Array)
#6 C:/Users/Rurie/Downloads/coircraft-ph (1)/coircraft/backend/vendor/laravel/framework/src/Illuminate/Database/Eloquent/Model.php(1324): Illuminate/Database/Eloquent/Model->insertAndSetId(Object(Illuminate/Database/Eloquent/Builder), Array)
#7 C:/Users/Rurie/Downloads/coircraft-ph (1)/coircraft/backend/vendor/laravel/framework/src/Illuminate/Database/Eloquent/Model.php(1163): Illuminate/Database/Eloquent/Model->performInsert(Object(Illuminate/Database/Eloquent/Builder))
#8 C:/Users/Rurie/Downloads/coircraft-ph (1)/coircraft/backend/vendor/laravel/framework/src/Illuminate/Database/Eloquent/Builder.php(1128): Illuminate/Database/Eloquent/Model->save()
#9 C:/Users/Rurie/Downloads/coircraft-ph (1)/coircraft/backend/vendor/laravel/framework/src/Illuminate/Support/helpers.php(399): Illuminate/Database/Eloquent/Builder->Illuminate/Database/Eloquent/{closure}(Object(App/Models/User))
#10 C:/Users/Rurie/Downloads/coircraft-ph (1)/coircraft/backend/vendor/laravel/framework/src/Illuminate/Database/Eloquent/Builder.php(1127): tap(Object(App/Models/User), Object(Closure))
#11 C:/Users/Rurie/Downloads/coircraft-ph (1)/coircraft/backend/vendor/laravel/framework/src/Illuminate/Support/Traits/ForwardsCalls.php(23): Illuminate/Database/Eloquent/Builder->create(Array)
#12 C:/Users/Rurie/Downloads/coircraft-ph (1)/coircraft/backend/vendor/laravel/framework/src/Illuminate/Database/Eloquent/Model.php(2372): Illuminate/Database/Eloquent/Model->forwardCallTo(Object(Illuminate/Database/Eloquent/Builder), 'create', Array)
#13 C:/Users/Rurie/Downloads/coircraft-ph (1)/coircraft/backend/vendor/laravel/framework/src/Illuminate/Database/Eloquent/Model.php(2384): Illuminate/Database/Eloquent/Model->__call('create', Array)
#14 C:/Users/Rurie/Downloads/coircraft-ph (1)/coircraft/backend/database/seeders/DatabaseSeeder.php(17): Illuminate/Database/Eloquent/Model::__callStatic('create', Array)
#15 C:/Users/Rurie/Downloads/coircraft-ph (1)/coircraft/backend/vendor/laravel/framework/src/Illuminate/Container/BoundMethod.php(36): Database/Seeders/DatabaseSeeder->run()
#16 C:/Users/Rurie/Downloads/coircraft-ph (1)/coircraft/backend/vendor/laravel/framework/src/Illuminate/Container/Util.php(43): Illuminate/Container/BoundMethod::Illuminate/Container/{closure}()
#17 C:/Users/Rurie/Downloads/coircraft-ph (1)/coircraft/backend/vendor/laravel/framework/src/Illuminate/Container/BoundMethod.php(95): Illuminate/Container/Util::unwrapIfClosure(Object(Closure))
#18 C:/Users/Rurie/Downloads/coircraft-ph (1)/coircraft/backend/vendor/laravel/framework/src/Illuminate/Container/BoundMethod.php(35): Illuminate/Container/BoundMethod::callBoundMethod(Object(Illuminate/Foundation/Application), Array, Object(Closure))
#19 C:/Users/Rurie/Downloads/coircraft-ph (1)/coircraft/backend/vendor/laravel/framework/src/Illuminate/Container/Container.php(696): Illuminate/Container/BoundMethod::call(Object(Illuminate/Foundation/Application), Array, Array, NULL)
#20 C:/Users/Rurie/Downloads/coircraft-ph (1)/coircraft/backend/vendor/laravel/framework/src/Illuminate/Database/Seeder.php(188): Illuminate/Container/Container->call(Array, Array)
#21 C:/Users/Rurie/Downloads/coircraft-ph (1)/coircraft/backend/vendor/laravel/framework/src/Illuminate/Database/Seeder.php(197): Illuminate/Database/Seeder->Illuminate/Database/{closure}()
#22 C:/Users/Rurie/Downloads/coircraft-ph (1)/coircraft/backend/vendor/laravel/framework/src/Illuminate/Database/Console/Seeds/SeedCommand.php(70): Illuminate/Database/Seeder->__invoke()
#23 C:/Users/Rurie/Downloads/coircraft-ph (1)/coircraft/backend/vendor/laravel/framework/src/Illuminate/Database/Eloquent/Concerns/GuardsAttributes.php(155): Illuminate/Database/Console/Seeds/SeedCommand->Illuminate/Database/Console/Seeds/{closure}()
#24 C:/Users/Rurie/Downloads/coircraft-ph (1)/coircraft/backend/vendor/laravel/framework/src/Illuminate/Database/Console/Seeds/SeedCommand.php(69): Illuminate/Database/Eloquent/Model::unguarded(Object(Closure))
#25 C:/Users/Rurie/Downloads/coircraft-ph (1)/coircraft/backend/vendor/laravel/framework/src/Illuminate/Container/BoundMethod.php(36): Illuminate/Database/Console/Seeds/SeedCommand->handle()
#26 C:/Users/Rurie/Downloads/coircraft-ph (1)/coircraft/backend/vendor/laravel/framework/src/Illuminate/Container/Util.php(43): Illuminate/Container/BoundMethod::Illuminate/Container/{closure}()
#27 C:/Users/Rurie/Downloads/coircraft-ph (1)/coircraft/backend/vendor/laravel/framework/src/Illuminate/Container/BoundMethod.php(95): Illuminate/Container/Util::unwrapIfClosure(Object(Closure))
#28 C:/Users/Rurie/Downloads/coircraft-ph (1)/coircraft/backend/vendor/laravel/framework/src/Illuminate/Container/BoundMethod.php(35): Illuminate/Container/BoundMethod::callBoundMethod(Object(Illuminate/Foundation/Application), Array, Object(Closure))
#29 C:/Users/Rurie/Downloads/coircraft-ph (1)/coircraft/backend/vendor/laravel/framework/src/Illuminate/Container/Container.php(696): Illuminate/Container/BoundMethod::call(Object(Illuminate/Foundation/Application), Array, Array, NULL)
#30 C:/Users/Rurie/Downloads/coircraft-ph (1)/coircraft/backend/vendor/laravel/framework/src/Illuminate/Console/Command.php(213): Illuminate/Container/Container->call(Array)
#31 C:/Users/Rurie/Downloads/coircraft-ph (1)/coircraft/backend/vendor/symfony/console/Command/Command.php(341): Illuminate/Console/Command->execute(Object(Symfony/Component/Console/Input/ArrayInput), Object(Illuminate/Console/OutputStyle))
#32 C:/Users/Rurie/Downloads/coircraft-ph (1)/coircraft/backend/vendor/laravel/framework/src/Illuminate/Console/Command.php(182): Symfony/Component/Console/Command/Command->run(Object(Symfony/Component/Console/Input/ArrayInput), Object(Illuminate/Console/OutputStyle))
#33 C:/Users/Rurie/Downloads/coircraft-ph (1)/coircraft/backend/vendor/laravel/framework/src/Illuminate/Console/Concerns/CallsCommands.php(68): Illuminate/Console/Command->run(Object(Symfony/Component/Console/Input/ArrayInput), Object(Illuminate/Console/OutputStyle))
#34 C:/Users/Rurie/Downloads/coircraft-ph (1)/coircraft/backend/vendor/laravel/framework/src/Illuminate/Console/Concerns/CallsCommands.php(29): Illuminate/Console/Command->runCommand('db:seed', Array, Object(Illuminate/Console/OutputStyle))
#35 C:/Users/Rurie/Downloads/coircraft-ph (1)/coircraft/backend/vendor/laravel/framework/src/Illuminate/Database/Console/Migrations/MigrateCommand.php(126): Illuminate/Console/Command->call('db:seed', Array)
#36 C:/Users/Rurie/Downloads/coircraft-ph (1)/coircraft/backend/vendor/laravel/framework/src/Illuminate/Database/Migrations/Migrator.php(658): Illuminate/Database/Console/Migrations/MigrateCommand->Illuminate/Database/Console/Migrations/{closure}()
#37 C:/Users/Rurie/Downloads/coircraft-ph (1)/coircraft/backend/vendor/laravel/framework/src/Illuminate/Database/Console/Migrations/MigrateCommand.php(110): Illuminate/Database/Migrations/Migrator->usingConnection(NULL, Object(Closure))
#38 C:/Users/Rurie/Downloads/coircraft-ph (1)/coircraft/backend/vendor/laravel/framework/src/Illuminate/Database/Console/Migrations/MigrateCommand.php(89): Illuminate/Database/Console/Migrations/MigrateCommand->runMigrations()
#39 C:/Users/Rurie/Downloads/coircraft-ph (1)/coircraft/backend/vendor/laravel/framework/src/Illuminate/Container/BoundMethod.php(36): Illuminate/Database/Console/Migrations/MigrateCommand->handle()
#40 C:/Users/Rurie/Downloads/coircraft-ph (1)/coircraft/backend/vendor/laravel/framework/src/Illuminate/Container/Util.php(43): Illuminate/Container/BoundMethod::Illuminate/Container/{closure}()
#41 C:/Users/Rurie/Downloads/coircraft-ph (1)/coircraft/backend/vendor/laravel/framework/src/Illuminate/Container/BoundMethod.php(95): Illuminate/Container/Util::unwrapIfClosure(Object(Closure))
#42 C:/Users/Rurie/Downloads/coircraft-ph (1)/coircraft/backend/vendor/laravel/framework/src/Illuminate/Container/BoundMethod.php(35): Illuminate/Container/BoundMethod::callBoundMethod(Object(Illuminate/Foundation/Application), Array, Object(Closure))
#43 C:/Users/Rurie/Downloads/coircraft-ph (1)/coircraft/backend/vendor/laravel/framework/src/Illuminate/Container/Container.php(696): Illuminate/Container/BoundMethod::call(Object(Illuminate/Foundation/Application), Array, Array, NULL)
#44 C:/Users/Rurie/Downloads/coircraft-ph (1)/coircraft/backend/vendor/laravel/framework/src/Illuminate/Console/Command.php(213): Illuminate/Container/Container->call(Array)
#45 C:/Users/Rurie/Downloads/coircraft-ph (1)/coircraft/backend/vendor/symfony/console/Command/Command.php(341): Illuminate/Console/Command->execute(Object(Symfony/Component/Console/Input/ArgvInput), Object(Illuminate/Console/OutputStyle))
#46 C:/Users/Rurie/Downloads/coircraft-ph (1)/coircraft/backend/vendor/laravel/framework/src/Illuminate/Console/Command.php(182): Symfony/Component/Console/Command/Command->run(Object(Symfony/Component/Console/Input/ArgvInput), Object(Illuminate/Console/OutputStyle))
#47 C:/Users/Rurie/Downloads/coircraft-ph (1)/coircraft/backend/vendor/symfony/console/Application.php(1117): Illuminate/Console/Command->run(Object(Symfony/Component/Console/Input/ArgvInput), Object(Symfony/Component/Console/Output/ConsoleOutput))
#48 C:/Users/Rurie/Downloads/coircraft-ph (1)/coircraft/backend/vendor/symfony/console/Application.php(356): Symfony/Component/Console/Application->doRunCommand(Object(Illuminate/Database/Console/Migrations/MigrateCommand), Object(Symfony/Component/Console/Input/ArgvInput), Object(Symfony/Component/Console/Output/ConsoleOutput))
#49 C:/Users/Rurie/Downloads/coircraft-ph (1)/coircraft/backend/vendor/symfony/console/Application.php(195): Symfony/Component/Console/Application->doRun(Object(Symfony/Component/Console/Input/ArgvInput), Object(Symfony/Component/Console/Output/ConsoleOutput))
#50 C:/Users/Rurie/Downloads/coircraft-ph (1)/coircraft/backend/vendor/laravel/framework/src/Illuminate/Foundation/Console/Kernel.php(198): Symfony/Component/Console/Application->run(Object(Symfony/Component/Console/Input/ArgvInput), Object(Symfony/Component/Console/Output/ConsoleOutput))
#51 C:/Users/Rurie/Downloads/coircraft-ph (1)/coircraft/backend/artisan(7): Illuminate/Foundation/Console/Kernel->handle(Object(Symfony/Component/Console/Input/ArgvInput), Object(Symfony/Component/Console/Output/ConsoleOutput))
#52 {main}

[previous exception] [object] (PDOException(code: 23000): SQLSTATE[23000]: Integrity constraint violation: 1062 Duplicate entry 'buyer@coircraft.ph' for key 'users_email_unique' at C:/Users/Rurie/Downloads/coircraft-ph (1)/coircraft/backend/vendor/laravel/framework/src/Illuminate/Database/MySqlConnection.php:53)
[stacktrace]
#0 C:/Users/Rurie/Downloads/coircraft-ph (1)/coircraft/backend/vendor/laravel/framework/src/Illuminate/Database/MySqlConnection.php(53): PDOStatement->execute()
#1 C:/Users/Rurie/Downloads/coircraft-ph (1)/coircraft/backend/vendor/laravel/framework/src/Illuminate/Database/Connection.php(812): Illuminate/Database/MySqlConnection->Illuminate/Database/{closure}('insert into `us...', Array)
#2 C:/Users/Rurie/Downloads/coircraft-ph (1)/coircraft/backend/vendor/laravel/framework/src/Illuminate/Database/Connection.php(779): Illuminate/Database/Connection->runQueryCallback('insert into `us...', Array, Object(Closure))
#3 C:/Users/Rurie/Downloads/coircraft-ph (1)/coircraft/backend/vendor/laravel/framework/src/Illuminate/Database/MySqlConnection.php(42): Illuminate/Database/Connection->run('insert into `us...', Array, Object(Closure))
#4 C:/Users/Rurie/Downloads/coircraft-ph (1)/coircraft/backend/vendor/laravel/framework/src/Illuminate/Database/Query/Processors/MySqlProcessor.php(35): Illuminate/Database/MySqlConnection->insert('insert into `us...', Array, 'id')
#5 C:/Users/Rurie/Downloads/coircraft-ph (1)/coircraft/backend/vendor/laravel/framework/src/Illuminate/Database/Query/Builder.php(3766): Illuminate/Database/Query/Processors/MySqlProcessor->processInsertGetId(Object(Illuminate/Database/Query/Builder), 'insert into `us...', Array, 'id')
#6 C:/Users/Rurie/Downloads/coircraft-ph (1)/coircraft/backend/vendor/laravel/framework/src/Illuminate/Database/Eloquent/Builder.php(2120): Illuminate/Database/Query/Builder->insertGetId(Array, 'id')
#7 C:/Users/Rurie/Downloads/coircraft-ph (1)/coircraft/backend/vendor/laravel/framework/src/Illuminate/Database/Eloquent/Model.php(1359): Illuminate/Database/Eloquent/Builder->__call('insertGetId', Array)
#8 C:/Users/Rurie/Downloads/coircraft-ph (1)/coircraft/backend/vendor/laravel/framework/src/Illuminate/Database/Eloquent/Model.php(1324): Illuminate/Database/Eloquent/Model->insertAndSetId(Object(Illuminate/Database/Eloquent/Builder), Array)
#9 C:/Users/Rurie/Downloads/coircraft-ph (1)/coircraft/backend/vendor/laravel/framework/src/Illuminate/Database/Eloquent/Model.php(1163): Illuminate/Database/Eloquent/Model->performInsert(Object(Illuminate/Database/Eloquent/Builder))
#10 C:/Users/Rurie/Downloads/coircraft-ph (1)/coircraft/backend/vendor/laravel/framework/src/Illuminate/Database/Eloquent/Builder.php(1128): Illuminate/Database/Eloquent/Model->save()
#11 C:/Users/Rurie/Downloads/coircraft-ph (1)/coircraft/backend/vendor/laravel/framework/src/Illuminate/Support/helpers.php(399): Illuminate/Database/Eloquent/Builder->Illuminate/Database/Eloquent/{closure}(Object(App/Models/User))
#12 C:/Users/Rurie/Downloads/coircraft-ph (1)/coircraft/backend/vendor/laravel/framework/src/Illuminate/Database/Eloquent/Builder.php(1127): tap(Object(App/Models/User), Object(Closure))
#13 C:/Users/Rurie/Downloads/coircraft-ph (1)/coircraft/backend/vendor/laravel/framework/src/Illuminate/Support/Traits/ForwardsCalls.php(23): Illuminate/Database/Eloquent/Builder->create(Array)
#14 C:/Users/Rurie/Downloads/coircraft-ph (1)/coircraft/backend/vendor/laravel/framework/src/Illuminate/Database/Eloquent/Model.php(2372): Illuminate/Database/Eloquent/Model->forwardCallTo(Object(Illuminate/Database/Eloquent/Builder), 'create', Array)
#15 C:/Users/Rurie/Downloads/coircraft-ph (1)/coircraft/backend/vendor/laravel/framework/src/Illuminate/Database/Eloquent/Model.php(2384): Illuminate/Database/Eloquent/Model->__call('create', Array)
#16 C:/Users/Rurie/Downloads/coircraft-ph (1)/coircraft/backend/database/seeders/DatabaseSeeder.php(17): Illuminate/Database/Eloquent/Model::__callStatic('create', Array)
#17 C:/Users/Rurie/Downloads/coircraft-ph (1)/coircraft/backend/vendor/laravel/framework/src/Illuminate/Container/BoundMethod.php(36): Database/Seeders/DatabaseSeeder->run()
#18 C:/Users/Rurie/Downloads/coircraft-ph (1)/coircraft/backend/vendor/laravel/framework/src/Illuminate/Container/Util.php(43): Illuminate/Container/BoundMethod::Illuminate/Container/{closure}()
#19 C:/Users/Rurie/Downloads/coircraft-ph (1)/coircraft/backend/vendor/laravel/framework/src/Illuminate/Container/BoundMethod.php(95): Illuminate/Container/Util::unwrapIfClosure(Object(Closure))
#20 C:/Users/Rurie/Downloads/coircraft-ph (1)/coircraft/backend/vendor/laravel/framework/src/Illuminate/Container/BoundMethod.php(35): Illuminate/Container/BoundMethod::callBoundMethod(Object(Illuminate/Foundation/Application), Array, Object(Closure))
#21 C:/Users/Rurie/Downloads/coircraft-ph (1)/coircraft/backend/vendor/laravel/framework/src/Illuminate/Container/Container.php(696): Illuminate/Container/BoundMethod::call(Object(Illuminate/Foundation/Application), Array, Array, NULL)
#22 C:/Users/Rurie/Downloads/coircraft-ph (1)/coircraft/backend/vendor/laravel/framework/src/Illuminate/Database/Seeder.php(188): Illuminate/Container/Container->call(Array, Array)
#23 C:/Users/Rurie/Downloads/coircraft-ph (1)/coircraft/backend/vendor/laravel/framework/src/Illuminate/Database/Seeder.php(197): Illuminate/Database/Seeder->Illuminate/Database/{closure}()
#24 C:/Users/Rurie/Downloads/coircraft-ph (1)/coircraft/backend/vendor/laravel/framework/src/Illuminate/Database/Console/Seeds/SeedCommand.php(70): Illuminate/Database/Seeder->__invoke()
#25 C:/Users/Rurie/Downloads/coircraft-ph (1)/coircraft/backend/vendor/laravel/framework/src/Illuminate/Database/Eloquent/Concerns/GuardsAttributes.php(155): Illuminate/Database/Console/Seeds/SeedCommand->Illuminate/Database/Console/Seeds/{closure}()
#26 C:/Users/Rurie/Downloads/coircraft-ph (1)/coircraft/backend/vendor/laravel/framework/src/Illuminate/Database/Console/Seeds/SeedCommand.php(69): Illuminate/Database/Eloquent/Model::unguarded(Object(Closure))
#27 C:/Users/Rurie/Downloads/coircraft-ph (1)/coircraft/backend/vendor/laravel/framework/src/Illuminate/Container/BoundMethod.php(36): Illuminate/Database/Console/Seeds/SeedCommand->handle()
#28 C:/Users/Rurie/Downloads/coircraft-ph (1)/coircraft/backend/vendor/laravel/framework/src/Illuminate/Container/Util.php(43): Illuminate/Container/BoundMethod::Illuminate/Container/{closure}()
#29 C:/Users/Rurie/Downloads/coircraft-ph (1)/coircraft/backend/vendor/laravel/framework/src/Illuminate/Container/BoundMethod.php(95): Illuminate/Container/Util::unwrapIfClosure(Object(Closure))
#30 C:/Users/Rurie/Downloads/coircraft-ph (1)/coircraft/backend/vendor/laravel/framework/src/Illuminate/Container/BoundMethod.php(35): Illuminate/Container/BoundMethod::callBoundMethod(Object(Illuminate/Foundation/Application), Array, Object(Closure))
#31 C:/Users/Rurie/Downloads/coircraft-ph (1)/coircraft/backend/vendor/laravel/framework/src/Illuminate/Container/Container.php(696): Illuminate/Container/BoundMethod::call(Object(Illuminate/Foundation/Application), Array, Array, NULL)
#32 C:/Users/Rurie/Downloads/coircraft-ph (1)/coircraft/backend/vendor/laravel/framework/src/Illuminate/Console/Command.php(213): Illuminate/Container/Container->call(Array)
#33 C:/Users/Rurie/Downloads/coircraft-ph (1)/coircraft/backend/vendor/symfony/console/Command/Command.php(341): Illuminate/Console/Command->execute(Object(Symfony/Component/Console/Input/ArrayInput), Object(Illuminate/Console/OutputStyle))
#34 C:/Users/Rurie/Downloads/coircraft-ph (1)/coircraft/backend/vendor/laravel/framework/src/Illuminate/Console/Command.php(182): Symfony/Component/Console/Command/Command->run(Object(Symfony/Component/Console/Input/ArrayInput), Object(Illuminate/Console/OutputStyle))
#35 C:/Users/Rurie/Downloads/coircraft-ph (1)/coircraft/backend/vendor/laravel/framework/src/Illuminate/Console/Concerns/CallsCommands.php(68): Illuminate/Console/Command->run(Object(Symfony/Component/Console/Input/ArrayInput), Object(Illuminate/Console/OutputStyle))
#36 C:/Users/Rurie/Downloads/coircraft-ph (1)/coircraft/backend/vendor/laravel/framework/src/Illuminate/Console/Concerns/CallsCommands.php(29): Illuminate/Console/Command->runCommand('db:seed', Array, Object(Illuminate/Console/OutputStyle))
#37 C:/Users/Rurie/Downloads/coircraft-ph (1)/coircraft/backend/vendor/laravel/framework/src/Illuminate/Database/Console/Migrations/MigrateCommand.php(126): Illuminate/Console/Command->call('db:seed', Array)
#38 C:/Users/Rurie/Downloads/coircraft-ph (1)/coircraft/backend/vendor/laravel/framework/src/Illuminate/Database/Migrations/Migrator.php(658): Illuminate/Database/Console/Migrations/MigrateCommand->Illuminate/Database/Console/Migrations/{closure}()
#39 C:/Users/Rurie/Downloads/coircraft-ph (1)/coircraft/backend/vendor/laravel/framework/src/Illuminate/Database/Console/Migrations/MigrateCommand.php(110): Illuminate/Database/Migrations/Migrator->usingConnection(NULL, Object(Closure))
#40 C:/Users/Rurie/Downloads/coircraft-ph (1)/coircraft/backend/vendor/laravel/framework/src/Illuminate/Database/Console/Migrations/MigrateCommand.php(89): Illuminate/Database/Console/Migrations/MigrateCommand->runMigrations()
#41 C:/Users/Rurie/Downloads/coircraft-ph (1)/coircraft/backend/vendor/laravel/framework/src/Illuminate/Container/BoundMethod.php(36): Illuminate/Database/Console/Migrations/MigrateCommand->handle()
#42 C:/Users/Rurie/Downloads/coircraft-ph (1)/coircraft/backend/vendor/laravel/framework/src/Illuminate/Container/Util.php(43): Illuminate/Container/BoundMethod::Illuminate/Container/{closure}()
#43 C:/Users/Rurie/Downloads/coircraft-ph (1)/coircraft/backend/vendor/laravel/framework/src/Illuminate/Container/BoundMethod.php(95): Illuminate/Container/Util::unwrapIfClosure(Object(Closure))
#44 C:/Users/Rurie/Downloads/coircraft-ph (1)/coircraft/backend/vendor/laravel/framework/src/Illuminate/Container/BoundMethod.php(35): Illuminate/Container/BoundMethod::callBoundMethod(Object(Illuminate/Foundation/Application), Array, Object(Closure))
#45 C:/Users/Rurie/Downloads/coircraft-ph (1)/coircraft/backend/vendor/laravel/framework/src/Illuminate/Container/Container.php(696): Illuminate/Container/BoundMethod::call(Object(Illuminate/Foundation/Application), Array, Array, NULL)
#46 C:/Users/Rurie/Downloads/coircraft-ph (1)/coircraft/backend/vendor/laravel/framework/src/Illuminate/Console/Command.php(213): Illuminate/Container/Container->call(Array)
#47 C:/Users/Rurie/Downloads/coircraft-ph (1)/coircraft/backend/vendor/symfony/console/Command/Command.php(341): Illuminate/Console/Command->execute(Object(Symfony/Component/Console/Input/ArgvInput), Object(Illuminate/Console/OutputStyle))
#48 C:/Users/Rurie/Downloads/coircraft-ph (1)/coircraft/backend/vendor/laravel/framework/src/Illuminate/Console/Command.php(182): Symfony/Component/Console/Command/Command->run(Object(Symfony/Component/Console/Input/ArgvInput), Object(Illuminate/Console/OutputStyle))
#49 C:/Users/Rurie/Downloads/coircraft-ph (1)/coircraft/backend/vendor/symfony/console/Application.php(1117): Illuminate/Console/Command->run(Object(Symfony/Component/Console/Input/ArgvInput), Object(Symfony/Component/Console/Output/ConsoleOutput))
#50 C:/Users/Rurie/Downloads/coircraft-ph (1)/coircraft/backend/vendor/symfony/console/Application.php(356): Symfony/Component/Console/Application->doRunCommand(Object(Illuminate/Database/Console/Migrations/MigrateCommand), Object(Symfony/Component/Console/Input/ArgvInput), Object(Symfony/Component/Console/Output/ConsoleOutput))
#51 C:/Users/Rurie/Downloads/coircraft-ph (1)/coircraft/backend/vendor/symfony/console/Application.php(195): Symfony/Component/Console/Application->doRun(Object(Symfony/Component/Console/Input/ArgvInput), Object(Symfony/Component/Console/Output/ConsoleOutput))
#52 C:/Users/Rurie/Downloads/coircraft-ph (1)/coircraft/backend/vendor/laravel/framework/src/Illuminate/Foundation/Console/Kernel.php(198): Symfony/Component/Console/Application->run(Object(Symfony/Component/Console/Input/ArgvInput), Object(Symfony/Component/Console/Output/ConsoleOutput))
#53 C:/Users/Rurie/Downloads/coircraft-ph (1)/coircraft/backend/artisan(7): Illuminate/Foundation/Console/Kernel->handle(Object(Symfony/Component/Console/Input/ArgvInput), Object(Symfony/Component/Console/Output/ConsoleOutput))
#54 {main}
"} 
[2026-03-24 05:12:10] local.ERROR: SQLSTATE[23000]: Integrity constraint violation: 1062 Duplicate entry 'buyer@coircraft.ph' for key 'users_email_unique' (Connection: mysql, SQL: insert into `users` (`full_name`, `email`, `password`, `mobile_number`, `address`, `updated_at`, `created_at`) values (Juan dela Cruz, buyer@coircraft.ph, $2y$12$kdPl33c9PLzVGsRVLt/U/uuuMenwedhsNDoOy8ZVPVLCJ4ZWQhibi, 09171234567, 123 Sampaguita St., Quezon City, Metro Manila, 2026-03-24 05:12:10, 2026-03-24 05:12:10)) {"exception":"[object] (Illuminate\\Database\\UniqueConstraintViolationException(code: 23000): SQLSTATE[23000]: Integrity constraint violation: 1062 Duplicate entry 'buyer@coircraft.ph' for key 'users_email_unique' (Connection: mysql, SQL: insert into `users` (`full_name`, `email`, `password`, `mobile_number`, `address`, `updated_at`, `created_at`) values (Juan dela Cruz, buyer@coircraft.ph, $2y$12$kdPl33c9PLzVGsRVLt/U/uuuMenwedhsNDoOy8ZVPVLCJ4ZWQhibi, 09171234567, 123 Sampaguita St., Quezon City, Metro Manila, 2026-03-24 05:12:10, 2026-03-24 05:12:10)) at C:/Users/Rurie/Downloads/coircraft-ph (1)/coircraft/backend/vendor/laravel/framework/src/Illuminate/Database/Connection.php:820)
[stacktrace]
#0 C:/Users/Rurie/Downloads/coircraft-ph (1)/coircraft/backend/vendor/laravel/framework/src/Illuminate/Database/Connection.php(779): Illuminate/Database/Connection->runQueryCallback('insert into `us...', Array, Object(Closure))
#1 C:/Users/Rurie/Downloads/coircraft-ph (1)/coircraft/backend/vendor/laravel/framework/src/Illuminate/Database/MySqlConnection.php(42): Illuminate/Database/Connection->run('insert into `us...', Array, Object(Closure))
#2 C:/Users/Rurie/Downloads/coircraft-ph (1)/coircraft/backend/vendor/laravel/framework/src/Illuminate/Database/Query/Processors/MySqlProcessor.php(35): Illuminate/Database/MySqlConnection->insert('insert into `us...', Array, 'id')
#3 C:/Users/Rurie/Downloads/coircraft-ph (1)/coircraft/backend/vendor/laravel/framework/src/Illuminate/Database/Query/Builder.php(3766): Illuminate/Database/Query/Processors/MySqlProcessor->processInsertGetId(Object(Illuminate/Database/Query/Builder), 'insert into `us...', Array, 'id')
#4 C:/Users/Rurie/Downloads/coircraft-ph (1)/coircraft/backend/vendor/laravel/framework/src/Illuminate/Database/Eloquent/Builder.php(2120): Illuminate/Database/Query/Builder->insertGetId(Array, 'id')
#5 C:/Users/Rurie/Downloads/coircraft-ph (1)/coircraft/backend/vendor/laravel/framework/src/Illuminate/Database/Eloquent/Model.php(1359): Illuminate/Database/Eloquent/Builder->__call('insertGetId', Array)
#6 C:/Users/Rurie/Downloads/coircraft-ph (1)/coircraft/backend/vendor/laravel/framework/src/Illuminate/Database/Eloquent/Model.php(1324): Illuminate/Database/Eloquent/Model->insertAndSetId(Object(Illuminate/Database/Eloquent/Builder), Array)
#7 C:/Users/Rurie/Downloads/coircraft-ph (1)/coircraft/backend/vendor/laravel/framework/src/Illuminate/Database/Eloquent/Model.php(1163): Illuminate/Database/Eloquent/Model->performInsert(Object(Illuminate/Database/Eloquent/Builder))
#8 C:/Users/Rurie/Downloads/coircraft-ph (1)/coircraft/backend/vendor/laravel/framework/src/Illuminate/Database/Eloquent/Builder.php(1128): Illuminate/Database/Eloquent/Model->save()
#9 C:/Users/Rurie/Downloads/coircraft-ph (1)/coircraft/backend/vendor/laravel/framework/src/Illuminate/Support/helpers.php(399): Illuminate/Database/Eloquent/Builder->Illuminate/Database/Eloquent/{closure}(Object(App/Models/User))
#10 C:/Users/Rurie/Downloads/coircraft-ph (1)/coircraft/backend/vendor/laravel/framework/src/Illuminate/Database/Eloquent/Builder.php(1127): tap(Object(App/Models/User), Object(Closure))
#11 C:/Users/Rurie/Downloads/coircraft-ph (1)/coircraft/backend/vendor/laravel/framework/src/Illuminate/Support/Traits/ForwardsCalls.php(23): Illuminate/Database/Eloquent/Builder->create(Array)
#12 C:/Users/Rurie/Downloads/coircraft-ph (1)/coircraft/backend/vendor/laravel/framework/src/Illuminate/Database/Eloquent/Model.php(2372): Illuminate/Database/Eloquent/Model->forwardCallTo(Object(Illuminate/Database/Eloquent/Builder), 'create', Array)
#13 C:/Users/Rurie/Downloads/coircraft-ph (1)/coircraft/backend/vendor/laravel/framework/src/Illuminate/Database/Eloquent/Model.php(2384): Illuminate/Database/Eloquent/Model->__call('create', Array)
#14 C:/Users/Rurie/Downloads/coircraft-ph (1)/coircraft/backend/database/seeders/DatabaseSeeder.php(17): Illuminate/Database/Eloquent/Model::__callStatic('create', Array)
#15 C:/Users/Rurie/Downloads/coircraft-ph (1)/coircraft/backend/vendor/laravel/framework/src/Illuminate/Container/BoundMethod.php(36): Database/Seeders/DatabaseSeeder->run()
#16 C:/Users/Rurie/Downloads/coircraft-ph (1)/coircraft/backend/vendor/laravel/framework/src/Illuminate/Container/Util.php(43): Illuminate/Container/BoundMethod::Illuminate/Container/{closure}()
#17 C:/Users/Rurie/Downloads/coircraft-ph (1)/coircraft/backend/vendor/laravel/framework/src/Illuminate/Container/BoundMethod.php(95): Illuminate/Container/Util::unwrapIfClosure(Object(Closure))
#18 C:/Users/Rurie/Downloads/coircraft-ph (1)/coircraft/backend/vendor/laravel/framework/src/Illuminate/Container/BoundMethod.php(35): Illuminate/Container/BoundMethod::callBoundMethod(Object(Illuminate/Foundation/Application), Array, Object(Closure))
#19 C:/Users/Rurie/Downloads/coircraft-ph (1)/coircraft/backend/vendor/laravel/framework/src/Illuminate/Container/Container.php(696): Illuminate/Container/BoundMethod::call(Object(Illuminate/Foundation/Application), Array, Array, NULL)
#20 C:/Users/Rurie/Downloads/coircraft-ph (1)/coircraft/backend/vendor/laravel/framework/src/Illuminate/Database/Seeder.php(188): Illuminate/Container/Container->call(Array, Array)
#21 C:/Users/Rurie/Downloads/coircraft-ph (1)/coircraft/backend/vendor/laravel/framework/src/Illuminate/Database/Seeder.php(197): Illuminate/Database/Seeder->Illuminate/Database/{closure}()
#22 C:/Users/Rurie/Downloads/coircraft-ph (1)/coircraft/backend/vendor/laravel/framework/src/Illuminate/Database/Console/Seeds/SeedCommand.php(70): Illuminate/Database/Seeder->__invoke()
#23 C:/Users/Rurie/Downloads/coircraft-ph (1)/coircraft/backend/vendor/laravel/framework/src/Illuminate/Database/Eloquent/Concerns/GuardsAttributes.php(155): Illuminate/Database/Console/Seeds/SeedCommand->Illuminate/Database/Console/Seeds/{closure}()
#24 C:/Users/Rurie/Downloads/coircraft-ph (1)/coircraft/backend/vendor/laravel/framework/src/Illuminate/Database/Console/Seeds/SeedCommand.php(69): Illuminate/Database/Eloquent/Model::unguarded(Object(Closure))
#25 C:/Users/Rurie/Downloads/coircraft-ph (1)/coircraft/backend/vendor/laravel/framework/src/Illuminate/Container/BoundMethod.php(36): Illuminate/Database/Console/Seeds/SeedCommand->handle()
#26 C:/Users/Rurie/Downloads/coircraft-ph (1)/coircraft/backend/vendor/laravel/framework/src/Illuminate/Container/Util.php(43): Illuminate/Container/BoundMethod::Illuminate/Container/{closure}()
#27 C:/Users/Rurie/Downloads/coircraft-ph (1)/coircraft/backend/vendor/laravel/framework/src/Illuminate/Container/BoundMethod.php(95): Illuminate/Container/Util::unwrapIfClosure(Object(Closure))
#28 C:/Users/Rurie/Downloads/coircraft-ph (1)/coircraft/backend/vendor/laravel/framework/src/Illuminate/Container/BoundMethod.php(35): Illuminate/Container/BoundMethod::callBoundMethod(Object(Illuminate/Foundation/Application), Array, Object(Closure))
#29 C:/Users/Rurie/Downloads/coircraft-ph (1)/coircraft/backend/vendor/laravel/framework/src/Illuminate/Container/Container.php(696): Illuminate/Container/BoundMethod::call(Object(Illuminate/Foundation/Application), Array, Array, NULL)
#30 C:/Users/Rurie/Downloads/coircraft-ph (1)/coircraft/backend/vendor/laravel/framework/src/Illuminate/Console/Command.php(213): Illuminate/Container/Container->call(Array)
#31 C:/Users/Rurie/Downloads/coircraft-ph (1)/coircraft/backend/vendor/symfony/console/Command/Command.php(341): Illuminate/Console/Command->execute(Object(Symfony/Component/Console/Input/ArrayInput), Object(Illuminate/Console/OutputStyle))
#32 C:/Users/Rurie/Downloads/coircraft-ph (1)/coircraft/backend/vendor/laravel/framework/src/Illuminate/Console/Command.php(182): Symfony/Component/Console/Command/Command->run(Object(Symfony/Component/Console/Input/ArrayInput), Object(Illuminate/Console/OutputStyle))
#33 C:/Users/Rurie/Downloads/coircraft-ph (1)/coircraft/backend/vendor/laravel/framework/src/Illuminate/Console/Concerns/CallsCommands.php(68): Illuminate/Console/Command->run(Object(Symfony/Component/Console/Input/ArrayInput), Object(Illuminate/Console/OutputStyle))
#34 C:/Users/Rurie/Downloads/coircraft-ph (1)/coircraft/backend/vendor/laravel/framework/src/Illuminate/Console/Concerns/CallsCommands.php(29): Illuminate/Console/Command->runCommand('db:seed', Array, Object(Illuminate/Console/OutputStyle))
#35 C:/Users/Rurie/Downloads/coircraft-ph (1)/coircraft/backend/vendor/laravel/framework/src/Illuminate/Database/Console/Migrations/MigrateCommand.php(126): Illuminate/Console/Command->call('db:seed', Array)
#36 C:/Users/Rurie/Downloads/coircraft-ph (1)/coircraft/backend/vendor/laravel/framework/src/Illuminate/Database/Migrations/Migrator.php(658): Illuminate/Database/Console/Migrations/MigrateCommand->Illuminate/Database/Console/Migrations/{closure}()
#37 C:/Users/Rurie/Downloads/coircraft-ph (1)/coircraft/backend/vendor/laravel/framework/src/Illuminate/Database/Console/Migrations/MigrateCommand.php(110): Illuminate/Database/Migrations/Migrator->usingConnection(NULL, Object(Closure))
#38 C:/Users/Rurie/Downloads/coircraft-ph (1)/coircraft/backend/vendor/laravel/framework/src/Illuminate/Database/Console/Migrations/MigrateCommand.php(89): Illuminate/Database/Console/Migrations/MigrateCommand->runMigrations()
#39 C:/Users/Rurie/Downloads/coircraft-ph (1)/coircraft/backend/vendor/laravel/framework/src/Illuminate/Container/BoundMethod.php(36): Illuminate/Database/Console/Migrations/MigrateCommand->handle()
#40 C:/Users/Rurie/Downloads/coircraft-ph (1)/coircraft/backend/vendor/laravel/framework/src/Illuminate/Container/Util.php(43): Illuminate/Container/BoundMethod::Illuminate/Container/{closure}()
#41 C:/Users/Rurie/Downloads/coircraft-ph (1)/coircraft/backend/vendor/laravel/framework/src/Illuminate/Container/BoundMethod.php(95): Illuminate/Container/Util::unwrapIfClosure(Object(Closure))
#42 C:/Users/Rurie/Downloads/coircraft-ph (1)/coircraft/backend/vendor/laravel/framework/src/Illuminate/Container/BoundMethod.php(35): Illuminate/Container/BoundMethod::callBoundMethod(Object(Illuminate/Foundation/Application), Array, Object(Closure))
#43 C:/Users/Rurie/Downloads/coircraft-ph (1)/coircraft/backend/vendor/laravel/framework/src/Illuminate/Container/Container.php(696): Illuminate/Container/BoundMethod::call(Object(Illuminate/Foundation/Application), Array, Array, NULL)
#44 C:/Users/Rurie/Downloads/coircraft-ph (1)/coircraft/backend/vendor/laravel/framework/src/Illuminate/Console/Command.php(213): Illuminate/Container/Container->call(Array)
#45 C:/Users/Rurie/Downloads/coircraft-ph (1)/coircraft/backend/vendor/symfony/console/Command/Command.php(341): Illuminate/Console/Command->execute(Object(Symfony/Component/Console/Input/ArgvInput), Object(Illuminate/Console/OutputStyle))
#46 C:/Users/Rurie/Downloads/coircraft-ph (1)/coircraft/backend/vendor/laravel/framework/src/Illuminate/Console/Command.php(182): Symfony/Component/Console/Command/Command->run(Object(Symfony/Component/Console/Input/ArgvInput), Object(Illuminate/Console/OutputStyle))
#47 C:/Users/Rurie/Downloads/coircraft-ph (1)/coircraft/backend/vendor/symfony/console/Application.php(1117): Illuminate/Console/Command->run(Object(Symfony/Component/Console/Input/ArgvInput), Object(Symfony/Component/Console/Output/ConsoleOutput))
#48 C:/Users/Rurie/Downloads/coircraft-ph (1)/coircraft/backend/vendor/symfony/console/Application.php(356): Symfony/Component/Console/Application->doRunCommand(Object(Illuminate/Database/Console/Migrations/MigrateCommand), Object(Symfony/Component/Console/Input/ArgvInput), Object(Symfony/Component/Console/Output/ConsoleOutput))
#49 C:/Users/Rurie/Downloads/coircraft-ph (1)/coircraft/backend/vendor/symfony/console/Application.php(195): Symfony/Component/Console/Application->doRun(Object(Symfony/Component/Console/Input/ArgvInput), Object(Symfony/Component/Console/Output/ConsoleOutput))
#50 C:/Users/Rurie/Downloads/coircraft-ph (1)/coircraft/backend/vendor/laravel/framework/src/Illuminate/Foundation/Console/Kernel.php(198): Symfony/Component/Console/Application->run(Object(Symfony/Component/Console/Input/ArgvInput), Object(Symfony/Component/Console/Output/ConsoleOutput))
#51 C:/Users/Rurie/Downloads/coircraft-ph (1)/coircraft/backend/artisan(7): Illuminate/Foundation/Console/Kernel->handle(Object(Symfony/Component/Console/Input/ArgvInput), Object(Symfony/Component/Console/Output/ConsoleOutput))
#52 {main}

[previous exception] [object] (PDOException(code: 23000): SQLSTATE[23000]: Integrity constraint violation: 1062 Duplicate entry 'buyer@coircraft.ph' for key 'users_email_unique' at C:/Users/Rurie/Downloads/coircraft-ph (1)/coircraft/backend/vendor/laravel/framework/src/Illuminate/Database/MySqlConnection.php:53)
[stacktrace]
#0 C:/Users/Rurie/Downloads/coircraft-ph (1)/coircraft/backend/vendor/laravel/framework/src/Illuminate/Database/MySqlConnection.php(53): PDOStatement->execute()
#1 C:/Users/Rurie/Downloads/coircraft-ph (1)/coircraft/backend/vendor/laravel/framework/src/Illuminate/Database/Connection.php(812): Illuminate/Database/MySqlConnection->Illuminate/Database/{closure}('insert into `us...', Array)
#2 C:/Users/Rurie/Downloads/coircraft-ph (1)/coircraft/backend/vendor/laravel/framework/src/Illuminate/Database/Connection.php(779): Illuminate/Database/Connection->runQueryCallback('insert into `us...', Array, Object(Closure))
#3 C:/Users/Rurie/Downloads/coircraft-ph (1)/coircraft/backend/vendor/laravel/framework/src/Illuminate/Database/MySqlConnection.php(42): Illuminate/Database/Connection->run('insert into `us...', Array, Object(Closure))
#4 C:/Users/Rurie/Downloads/coircraft-ph (1)/coircraft/backend/vendor/laravel/framework/src/Illuminate/Database/Query/Processors/MySqlProcessor.php(35): Illuminate/Database/MySqlConnection->insert('insert into `us...', Array, 'id')
#5 C:/Users/Rurie/Downloads/coircraft-ph (1)/coircraft/backend/vendor/laravel/framework/src/Illuminate/Database/Query/Builder.php(3766): Illuminate/Database/Query/Processors/MySqlProcessor->processInsertGetId(Object(Illuminate/Database/Query/Builder), 'insert into `us...', Array, 'id')
#6 C:/Users/Rurie/Downloads/coircraft-ph (1)/coircraft/backend/vendor/laravel/framework/src/Illuminate/Database/Eloquent/Builder.php(2120): Illuminate/Database/Query/Builder->insertGetId(Array, 'id')
#7 C:/Users/Rurie/Downloads/coircraft-ph (1)/coircraft/backend/vendor/laravel/framework/src/Illuminate/Database/Eloquent/Model.php(1359): Illuminate/Database/Eloquent/Builder->__call('insertGetId', Array)
#8 C:/Users/Rurie/Downloads/coircraft-ph (1)/coircraft/backend/vendor/laravel/framework/src/Illuminate/Database/Eloquent/Model.php(1324): Illuminate/Database/Eloquent/Model->insertAndSetId(Object(Illuminate/Database/Eloquent/Builder), Array)
#9 C:/Users/Rurie/Downloads/coircraft-ph (1)/coircraft/backend/vendor/laravel/framework/src/Illuminate/Database/Eloquent/Model.php(1163): Illuminate/Database/Eloquent/Model->performInsert(Object(Illuminate/Database/Eloquent/Builder))
#10 C:/Users/Rurie/Downloads/coircraft-ph (1)/coircraft/backend/vendor/laravel/framework/src/Illuminate/Database/Eloquent/Builder.php(1128): Illuminate/Database/Eloquent/Model->save()
#11 C:/Users/Rurie/Downloads/coircraft-ph (1)/coircraft/backend/vendor/laravel/framework/src/Illuminate/Support/helpers.php(399): Illuminate/Database/Eloquent/Builder->Illuminate/Database/Eloquent/{closure}(Object(App/Models/User))
#12 C:/Users/Rurie/Downloads/coircraft-ph (1)/coircraft/backend/vendor/laravel/framework/src/Illuminate/Database/Eloquent/Builder.php(1127): tap(Object(App/Models/User), Object(Closure))
#13 C:/Users/Rurie/Downloads/coircraft-ph (1)/coircraft/backend/vendor/laravel/framework/src/Illuminate/Support/Traits/ForwardsCalls.php(23): Illuminate/Database/Eloquent/Builder->create(Array)
#14 C:/Users/Rurie/Downloads/coircraft-ph (1)/coircraft/backend/vendor/laravel/framework/src/Illuminate/Database/Eloquent/Model.php(2372): Illuminate/Database/Eloquent/Model->forwardCallTo(Object(Illuminate/Database/Eloquent/Builder), 'create', Array)
#15 C:/Users/Rurie/Downloads/coircraft-ph (1)/coircraft/backend/vendor/laravel/framework/src/Illuminate/Database/Eloquent/Model.php(2384): Illuminate/Database/Eloquent/Model->__call('create', Array)
#16 C:/Users/Rurie/Downloads/coircraft-ph (1)/coircraft/backend/database/seeders/DatabaseSeeder.php(17): Illuminate/Database/Eloquent/Model::__callStatic('create', Array)
#17 C:/Users/Rurie/Downloads/coircraft-ph (1)/coircraft/backend/vendor/laravel/framework/src/Illuminate/Container/BoundMethod.php(36): Database/Seeders/DatabaseSeeder->run()
#18 C:/Users/Rurie/Downloads/coircraft-ph (1)/coircraft/backend/vendor/laravel/framework/src/Illuminate/Container/Util.php(43): Illuminate/Container/BoundMethod::Illuminate/Container/{closure}()
#19 C:/Users/Rurie/Downloads/coircraft-ph (1)/coircraft/backend/vendor/laravel/framework/src/Illuminate/Container/BoundMethod.php(95): Illuminate/Container/Util::unwrapIfClosure(Object(Closure))
#20 C:/Users/Rurie/Downloads/coircraft-ph (1)/coircraft/backend/vendor/laravel/framework/src/Illuminate/Container/BoundMethod.php(35): Illuminate/Container/BoundMethod::callBoundMethod(Object(Illuminate/Foundation/Application), Array, Object(Closure))
#21 C:/Users/Rurie/Downloads/coircraft-ph (1)/coircraft/backend/vendor/laravel/framework/src/Illuminate/Container/Container.php(696): Illuminate/Container/BoundMethod::call(Object(Illuminate/Foundation/Application), Array, Array, NULL)
#22 C:/Users/Rurie/Downloads/coircraft-ph (1)/coircraft/backend/vendor/laravel/framework/src/Illuminate/Database/Seeder.php(188): Illuminate/Container/Container->call(Array, Array)
#23 C:/Users/Rurie/Downloads/coircraft-ph (1)/coircraft/backend/vendor/laravel/framework/src/Illuminate/Database/Seeder.php(197): Illuminate/Database/Seeder->Illuminate/Database/{closure}()
#24 C:/Users/Rurie/Downloads/coircraft-ph (1)/coircraft/backend/vendor/laravel/framework/src/Illuminate/Database/Console/Seeds/SeedCommand.php(70): Illuminate/Database/Seeder->__invoke()
#25 C:/Users/Rurie/Downloads/coircraft-ph (1)/coircraft/backend/vendor/laravel/framework/src/Illuminate/Database/Eloquent/Concerns/GuardsAttributes.php(155): Illuminate/Database/Console/Seeds/SeedCommand->Illuminate/Database/Console/Seeds/{closure}()
#26 C:/Users/Rurie/Downloads/coircraft-ph (1)/coircraft/backend/vendor/laravel/framework/src/Illuminate/Database/Console/Seeds/SeedCommand.php(69): Illuminate/Database/Eloquent/Model::unguarded(Object(Closure))
#27 C:/Users/Rurie/Downloads/coircraft-ph (1)/coircraft/backend/vendor/laravel/framework/src/Illuminate/Container/BoundMethod.php(36): Illuminate/Database/Console/Seeds/SeedCommand->handle()
#28 C:/Users/Rurie/Downloads/coircraft-ph (1)/coircraft/backend/vendor/laravel/framework/src/Illuminate/Container/Util.php(43): Illuminate/Container/BoundMethod::Illuminate/Container/{closure}()
#29 C:/Users/Rurie/Downloads/coircraft-ph (1)/coircraft/backend/vendor/laravel/framework/src/Illuminate/Container/BoundMethod.php(95): Illuminate/Container/Util::unwrapIfClosure(Object(Closure))
#30 C:/Users/Rurie/Downloads/coircraft-ph (1)/coircraft/backend/vendor/laravel/framework/src/Illuminate/Container/BoundMethod.php(35): Illuminate/Container/BoundMethod::callBoundMethod(Object(Illuminate/Foundation/Application), Array, Object(Closure))
#31 C:/Users/Rurie/Downloads/coircraft-ph (1)/coircraft/backend/vendor/laravel/framework/src/Illuminate/Container/Container.php(696): Illuminate/Container/BoundMethod::call(Object(Illuminate/Foundation/Application), Array, Array, NULL)
#32 C:/Users/Rurie/Downloads/coircraft-ph (1)/coircraft/backend/vendor/laravel/framework/src/Illuminate/Console/Command.php(213): Illuminate/Container/Container->call(Array)
#33 C:/Users/Rurie/Downloads/coircraft-ph (1)/coircraft/backend/vendor/symfony/console/Command/Command.php(341): Illuminate/Console/Command->execute(Object(Symfony/Component/Console/Input/ArrayInput), Object(Illuminate/Console/OutputStyle))
#34 C:/Users/Rurie/Downloads/coircraft-ph (1)/coircraft/backend/vendor/laravel/framework/src/Illuminate/Console/Command.php(182): Symfony/Component/Console/Command/Command->run(Object(Symfony/Component/Console/Input/ArrayInput), Object(Illuminate/Console/OutputStyle))
#35 C:/Users/Rurie/Downloads/coircraft-ph (1)/coircraft/backend/vendor/laravel/framework/src/Illuminate/Console/Concerns/CallsCommands.php(68): Illuminate/Console/Command->run(Object(Symfony/Component/Console/Input/ArrayInput), Object(Illuminate/Console/OutputStyle))
#36 C:/Users/Rurie/Downloads/coircraft-ph (1)/coircraft/backend/vendor/laravel/framework/src/Illuminate/Console/Concerns/CallsCommands.php(29): Illuminate/Console/Command->runCommand('db:seed', Array, Object(Illuminate/Console/OutputStyle))
#37 C:/Users/Rurie/Downloads/coircraft-ph (1)/coircraft/backend/vendor/laravel/framework/src/Illuminate/Database/Console/Migrations/MigrateCommand.php(126): Illuminate/Console/Command->call('db:seed', Array)
#38 C:/Users/Rurie/Downloads/coircraft-ph (1)/coircraft/backend/vendor/laravel/framework/src/Illuminate/Database/Migrations/Migrator.php(658): Illuminate/Database/Console/Migrations/MigrateCommand->Illuminate/Database/Console/Migrations/{closure}()
#39 C:/Users/Rurie/Downloads/coircraft-ph (1)/coircraft/backend/vendor/laravel/framework/src/Illuminate/Database/Console/Migrations/MigrateCommand.php(110): Illuminate/Database/Migrations/Migrator->usingConnection(NULL, Object(Closure))
#40 C:/Users/Rurie/Downloads/coircraft-ph (1)/coircraft/backend/vendor/laravel/framework/src/Illuminate/Database/Console/Migrations/MigrateCommand.php(89): Illuminate/Database/Console/Migrations/MigrateCommand->runMigrations()
#41 C:/Users/Rurie/Downloads/coircraft-ph (1)/coircraft/backend/vendor/laravel/framework/src/Illuminate/Container/BoundMethod.php(36): Illuminate/Database/Console/Migrations/MigrateCommand->handle()
#42 C:/Users/Rurie/Downloads/coircraft-ph (1)/coircraft/backend/vendor/laravel/framework/src/Illuminate/Container/Util.php(43): Illuminate/Container/BoundMethod::Illuminate/Container/{closure}()
#43 C:/Users/Rurie/Downloads/coircraft-ph (1)/coircraft/backend/vendor/laravel/framework/src/Illuminate/Container/BoundMethod.php(95): Illuminate/Container/Util::unwrapIfClosure(Object(Closure))
#44 C:/Users/Rurie/Downloads/coircraft-ph (1)/coircraft/backend/vendor/laravel/framework/src/Illuminate/Container/BoundMethod.php(35): Illuminate/Container/BoundMethod::callBoundMethod(Object(Illuminate/Foundation/Application), Array, Object(Closure))
#45 C:/Users/Rurie/Downloads/coircraft-ph (1)/coircraft/backend/vendor/laravel/framework/src/Illuminate/Container/Container.php(696): Illuminate/Container/BoundMethod::call(Object(Illuminate/Foundation/Application), Array, Array, NULL)
#46 C:/Users/Rurie/Downloads/coircraft-ph (1)/coircraft/backend/vendor/laravel/framework/src/Illuminate/Console/Command.php(213): Illuminate/Container/Container->call(Array)
#47 C:/Users/Rurie/Downloads/coircraft-ph (1)/coircraft/backend/vendor/symfony/console/Command/Command.php(341): Illuminate/Console/Command->execute(Object(Symfony/Component/Console/Input/ArgvInput), Object(Illuminate/Console/OutputStyle))
#48 C:/Users/Rurie/Downloads/coircraft-ph (1)/coircraft/backend/vendor/laravel/framework/src/Illuminate/Console/Command.php(182): Symfony/Component/Console/Command/Command->run(Object(Symfony/Component/Console/Input/ArgvInput), Object(Illuminate/Console/OutputStyle))
#49 C:/Users/Rurie/Downloads/coircraft-ph (1)/coircraft/backend/vendor/symfony/console/Application.php(1117): Illuminate/Console/Command->run(Object(Symfony/Component/Console/Input/ArgvInput), Object(Symfony/Component/Console/Output/ConsoleOutput))
#50 C:/Users/Rurie/Downloads/coircraft-ph (1)/coircraft/backend/vendor/symfony/console/Application.php(356): Symfony/Component/Console/Application->doRunCommand(Object(Illuminate/Database/Console/Migrations/MigrateCommand), Object(Symfony/Component/Console/Input/ArgvInput), Object(Symfony/Component/Console/Output/ConsoleOutput))
#51 C:/Users/Rurie/Downloads/coircraft-ph (1)/coircraft/backend/vendor/symfony/console/Application.php(195): Symfony/Component/Console/Application->doRun(Object(Symfony/Component/Console/Input/ArgvInput), Object(Symfony/Component/Console/Output/ConsoleOutput))
#52 C:/Users/Rurie/Downloads/coircraft-ph (1)/coircraft/backend/vendor/laravel/framework/src/Illuminate/Foundation/Console/Kernel.php(198): Symfony/Component/Console/Application->run(Object(Symfony/Component/Console/Input/ArgvInput), Object(Symfony/Component/Console/Output/ConsoleOutput))
#53 C:/Users/Rurie/Downloads/coircraft-ph (1)/coircraft/backend/artisan(7): Illuminate/Foundation/Console/Kernel->handle(Object(Symfony/Component/Console/Input/ArgvInput), Object(Symfony/Component/Console/Output/ConsoleOutput))
#54 {main}
"} 
[2026-03-24 08:59:50] local.ERROR: SQLSTATE[23000]: Integrity constraint violation: 1062 Duplicate entry 'buyer@coircraft.ph' for key 'users_email_unique' (Connection: mysql, SQL: insert into `users` (`full_name`, `email`, `password`, `mobile_number`, `address`, `updated_at`, `created_at`) values (Juan dela Cruz, buyer@coircraft.ph, $2y$12$cF9B6v4JMyOa3dNu7GKHHul03bnOwDr5bxzSxijyuf9uA3LAd5vti, 09171234567, 123 Sampaguita St., Quezon City, Metro Manila, 2026-03-24 08:59:50, 2026-03-24 08:59:50)) {"exception":"[object] (Illuminate\\Database\\UniqueConstraintViolationException(code: 23000): SQLSTATE[23000]: Integrity constraint violation: 1062 Duplicate entry 'buyer@coircraft.ph' for key 'users_email_unique' (Connection: mysql, SQL: insert into `users` (`full_name`, `email`, `password`, `mobile_number`, `address`, `updated_at`, `created_at`) values (Juan dela Cruz, buyer@coircraft.ph, $2y$12$cF9B6v4JMyOa3dNu7GKHHul03bnOwDr5bxzSxijyuf9uA3LAd5vti, 09171234567, 123 Sampaguita St., Quezon City, Metro Manila, 2026-03-24 08:59:50, 2026-03-24 08:59:50)) at C:/Users/Rurie/Downloads/coircraft-ph-newest/coircraft/backend/vendor/laravel/framework/src/Illuminate/Database/Connection.php:820)
[stacktrace]
#0 C:/Users/Rurie/Downloads/coircraft-ph-newest/coircraft/backend/vendor/laravel/framework/src/Illuminate/Database/Connection.php(779): Illuminate/Database/Connection->runQueryCallback('insert into `us...', Array, Object(Closure))
#1 C:/Users/Rurie/Downloads/coircraft-ph-newest/coircraft/backend/vendor/laravel/framework/src/Illuminate/Database/MySqlConnection.php(42): Illuminate/Database/Connection->run('insert into `us...', Array, Object(Closure))
#2 C:/Users/Rurie/Downloads/coircraft-ph-newest/coircraft/backend/vendor/laravel/framework/src/Illuminate/Database/Query/Processors/MySqlProcessor.php(35): Illuminate/Database/MySqlConnection->insert('insert into `us...', Array, 'id')
#3 C:/Users/Rurie/Downloads/coircraft-ph-newest/coircraft/backend/vendor/laravel/framework/src/Illuminate/Database/Query/Builder.php(3766): Illuminate/Database/Query/Processors/MySqlProcessor->processInsertGetId(Object(Illuminate/Database/Query/Builder), 'insert into `us...', Array, 'id')
#4 C:/Users/Rurie/Downloads/coircraft-ph-newest/coircraft/backend/vendor/laravel/framework/src/Illuminate/Database/Eloquent/Builder.php(2120): Illuminate/Database/Query/Builder->insertGetId(Array, 'id')
#5 C:/Users/Rurie/Downloads/coircraft-ph-newest/coircraft/backend/vendor/laravel/framework/src/Illuminate/Database/Eloquent/Model.php(1359): Illuminate/Database/Eloquent/Builder->__call('insertGetId', Array)
#6 C:/Users/Rurie/Downloads/coircraft-ph-newest/coircraft/backend/vendor/laravel/framework/src/Illuminate/Database/Eloquent/Model.php(1324): Illuminate/Database/Eloquent/Model->insertAndSetId(Object(Illuminate/Database/Eloquent/Builder), Array)
#7 C:/Users/Rurie/Downloads/coircraft-ph-newest/coircraft/backend/vendor/laravel/framework/src/Illuminate/Database/Eloquent/Model.php(1163): Illuminate/Database/Eloquent/Model->performInsert(Object(Illuminate/Database/Eloquent/Builder))
#8 C:/Users/Rurie/Downloads/coircraft-ph-newest/coircraft/backend/vendor/laravel/framework/src/Illuminate/Database/Eloquent/Builder.php(1128): Illuminate/Database/Eloquent/Model->save()
#9 C:/Users/Rurie/Downloads/coircraft-ph-newest/coircraft/backend/vendor/laravel/framework/src/Illuminate/Support/helpers.php(399): Illuminate/Database/Eloquent/Builder->Illuminate/Database/Eloquent/{closure}(Object(App/Models/User))
#10 C:/Users/Rurie/Downloads/coircraft-ph-newest/coircraft/backend/vendor/laravel/framework/src/Illuminate/Database/Eloquent/Builder.php(1127): tap(Object(App/Models/User), Object(Closure))
#11 C:/Users/Rurie/Downloads/coircraft-ph-newest/coircraft/backend/vendor/laravel/framework/src/Illuminate/Support/Traits/ForwardsCalls.php(23): Illuminate/Database/Eloquent/Builder->create(Array)
#12 C:/Users/Rurie/Downloads/coircraft-ph-newest/coircraft/backend/vendor/laravel/framework/src/Illuminate/Database/Eloquent/Model.php(2372): Illuminate/Database/Eloquent/Model->forwardCallTo(Object(Illuminate/Database/Eloquent/Builder), 'create', Array)
#13 C:/Users/Rurie/Downloads/coircraft-ph-newest/coircraft/backend/vendor/laravel/framework/src/Illuminate/Database/Eloquent/Model.php(2384): Illuminate/Database/Eloquent/Model->__call('create', Array)
#14 C:/Users/Rurie/Downloads/coircraft-ph-newest/coircraft/backend/database/seeders/DatabaseSeeder.php(17): Illuminate/Database/Eloquent/Model::__callStatic('create', Array)
#15 C:/Users/Rurie/Downloads/coircraft-ph-newest/coircraft/backend/vendor/laravel/framework/src/Illuminate/Container/BoundMethod.php(36): Database/Seeders/DatabaseSeeder->run()
#16 C:/Users/Rurie/Downloads/coircraft-ph-newest/coircraft/backend/vendor/laravel/framework/src/Illuminate/Container/Util.php(43): Illuminate/Container/BoundMethod::Illuminate/Container/{closure}()
#17 C:/Users/Rurie/Downloads/coircraft-ph-newest/coircraft/backend/vendor/laravel/framework/src/Illuminate/Container/BoundMethod.php(95): Illuminate/Container/Util::unwrapIfClosure(Object(Closure))
#18 C:/Users/Rurie/Downloads/coircraft-ph-newest/coircraft/backend/vendor/laravel/framework/src/Illuminate/Container/BoundMethod.php(35): Illuminate/Container/BoundMethod::callBoundMethod(Object(Illuminate/Foundation/Application), Array, Object(Closure))
#19 C:/Users/Rurie/Downloads/coircraft-ph-newest/coircraft/backend/vendor/laravel/framework/src/Illuminate/Container/Container.php(696): Illuminate/Container/BoundMethod::call(Object(Illuminate/Foundation/Application), Array, Array, NULL)
#20 C:/Users/Rurie/Downloads/coircraft-ph-newest/coircraft/backend/vendor/laravel/framework/src/Illuminate/Database/Seeder.php(188): Illuminate/Container/Container->call(Array, Array)
#21 C:/Users/Rurie/Downloads/coircraft-ph-newest/coircraft/backend/vendor/laravel/framework/src/Illuminate/Database/Seeder.php(197): Illuminate/Database/Seeder->Illuminate/Database/{closure}()
#22 C:/Users/Rurie/Downloads/coircraft-ph-newest/coircraft/backend/vendor/laravel/framework/src/Illuminate/Database/Console/Seeds/SeedCommand.php(70): Illuminate/Database/Seeder->__invoke()
#23 C:/Users/Rurie/Downloads/coircraft-ph-newest/coircraft/backend/vendor/laravel/framework/src/Illuminate/Database/Eloquent/Concerns/GuardsAttributes.php(155): Illuminate/Database/Console/Seeds/SeedCommand->Illuminate/Database/Console/Seeds/{closure}()
#24 C:/Users/Rurie/Downloads/coircraft-ph-newest/coircraft/backend/vendor/laravel/framework/src/Illuminate/Database/Console/Seeds/SeedCommand.php(69): Illuminate/Database/Eloquent/Model::unguarded(Object(Closure))
#25 C:/Users/Rurie/Downloads/coircraft-ph-newest/coircraft/backend/vendor/laravel/framework/src/Illuminate/Container/BoundMethod.php(36): Illuminate/Database/Console/Seeds/SeedCommand->handle()
#26 C:/Users/Rurie/Downloads/coircraft-ph-newest/coircraft/backend/vendor/laravel/framework/src/Illuminate/Container/Util.php(43): Illuminate/Container/BoundMethod::Illuminate/Container/{closure}()
#27 C:/Users/Rurie/Downloads/coircraft-ph-newest/coircraft/backend/vendor/laravel/framework/src/Illuminate/Container/BoundMethod.php(95): Illuminate/Container/Util::unwrapIfClosure(Object(Closure))
#28 C:/Users/Rurie/Downloads/coircraft-ph-newest/coircraft/backend/vendor/laravel/framework/src/Illuminate/Container/BoundMethod.php(35): Illuminate/Container/BoundMethod::callBoundMethod(Object(Illuminate/Foundation/Application), Array, Object(Closure))
#29 C:/Users/Rurie/Downloads/coircraft-ph-newest/coircraft/backend/vendor/laravel/framework/src/Illuminate/Container/Container.php(696): Illuminate/Container/BoundMethod::call(Object(Illuminate/Foundation/Application), Array, Array, NULL)
#30 C:/Users/Rurie/Downloads/coircraft-ph-newest/coircraft/backend/vendor/laravel/framework/src/Illuminate/Console/Command.php(213): Illuminate/Container/Container->call(Array)
#31 C:/Users/Rurie/Downloads/coircraft-ph-newest/coircraft/backend/vendor/symfony/console/Command/Command.php(341): Illuminate/Console/Command->execute(Object(Symfony/Component/Console/Input/ArrayInput), Object(Illuminate/Console/OutputStyle))
#32 C:/Users/Rurie/Downloads/coircraft-ph-newest/coircraft/backend/vendor/laravel/framework/src/Illuminate/Console/Command.php(182): Symfony/Component/Console/Command/Command->run(Object(Symfony/Component/Console/Input/ArrayInput), Object(Illuminate/Console/OutputStyle))
#33 C:/Users/Rurie/Downloads/coircraft-ph-newest/coircraft/backend/vendor/laravel/framework/src/Illuminate/Console/Concerns/CallsCommands.php(68): Illuminate/Console/Command->run(Object(Symfony/Component/Console/Input/ArrayInput), Object(Illuminate/Console/OutputStyle))
#34 C:/Users/Rurie/Downloads/coircraft-ph-newest/coircraft/backend/vendor/laravel/framework/src/Illuminate/Console/Concerns/CallsCommands.php(29): Illuminate/Console/Command->runCommand('db:seed', Array, Object(Illuminate/Console/OutputStyle))
#35 C:/Users/Rurie/Downloads/coircraft-ph-newest/coircraft/backend/vendor/laravel/framework/src/Illuminate/Database/Console/Migrations/MigrateCommand.php(126): Illuminate/Console/Command->call('db:seed', Array)
#36 C:/Users/Rurie/Downloads/coircraft-ph-newest/coircraft/backend/vendor/laravel/framework/src/Illuminate/Database/Migrations/Migrator.php(658): Illuminate/Database/Console/Migrations/MigrateCommand->Illuminate/Database/Console/Migrations/{closure}()
#37 C:/Users/Rurie/Downloads/coircraft-ph-newest/coircraft/backend/vendor/laravel/framework/src/Illuminate/Database/Console/Migrations/MigrateCommand.php(110): Illuminate/Database/Migrations/Migrator->usingConnection(NULL, Object(Closure))
#38 C:/Users/Rurie/Downloads/coircraft-ph-newest/coircraft/backend/vendor/laravel/framework/src/Illuminate/Database/Console/Migrations/MigrateCommand.php(89): Illuminate/Database/Console/Migrations/MigrateCommand->runMigrations()
#39 C:/Users/Rurie/Downloads/coircraft-ph-newest/coircraft/backend/vendor/laravel/framework/src/Illuminate/Container/BoundMethod.php(36): Illuminate/Database/Console/Migrations/MigrateCommand->handle()
#40 C:/Users/Rurie/Downloads/coircraft-ph-newest/coircraft/backend/vendor/laravel/framework/src/Illuminate/Container/Util.php(43): Illuminate/Container/BoundMethod::Illuminate/Container/{closure}()
#41 C:/Users/Rurie/Downloads/coircraft-ph-newest/coircraft/backend/vendor/laravel/framework/src/Illuminate/Container/BoundMethod.php(95): Illuminate/Container/Util::unwrapIfClosure(Object(Closure))
#42 C:/Users/Rurie/Downloads/coircraft-ph-newest/coircraft/backend/vendor/laravel/framework/src/Illuminate/Container/BoundMethod.php(35): Illuminate/Container/BoundMethod::callBoundMethod(Object(Illuminate/Foundation/Application), Array, Object(Closure))
#43 C:/Users/Rurie/Downloads/coircraft-ph-newest/coircraft/backend/vendor/laravel/framework/src/Illuminate/Container/Container.php(696): Illuminate/Container/BoundMethod::call(Object(Illuminate/Foundation/Application), Array, Array, NULL)
#44 C:/Users/Rurie/Downloads/coircraft-ph-newest/coircraft/backend/vendor/laravel/framework/src/Illuminate/Console/Command.php(213): Illuminate/Container/Container->call(Array)
#45 C:/Users/Rurie/Downloads/coircraft-ph-newest/coircraft/backend/vendor/symfony/console/Command/Command.php(341): Illuminate/Console/Command->execute(Object(Symfony/Component/Console/Input/ArgvInput), Object(Illuminate/Console/OutputStyle))
#46 C:/Users/Rurie/Downloads/coircraft-ph-newest/coircraft/backend/vendor/laravel/framework/src/Illuminate/Console/Command.php(182): Symfony/Component/Console/Command/Command->run(Object(Symfony/Component/Console/Input/ArgvInput), Object(Illuminate/Console/OutputStyle))
#47 C:/Users/Rurie/Downloads/coircraft-ph-newest/coircraft/backend/vendor/symfony/console/Application.php(1117): Illuminate/Console/Command->run(Object(Symfony/Component/Console/Input/ArgvInput), Object(Symfony/Component/Console/Output/ConsoleOutput))
#48 C:/Users/Rurie/Downloads/coircraft-ph-newest/coircraft/backend/vendor/symfony/console/Application.php(356): Symfony/Component/Console/Application->doRunCommand(Object(Illuminate/Database/Console/Migrations/MigrateCommand), Object(Symfony/Component/Console/Input/ArgvInput), Object(Symfony/Component/Console/Output/ConsoleOutput))
#49 C:/Users/Rurie/Downloads/coircraft-ph-newest/coircraft/backend/vendor/symfony/console/Application.php(195): Symfony/Component/Console/Application->doRun(Object(Symfony/Component/Console/Input/ArgvInput), Object(Symfony/Component/Console/Output/ConsoleOutput))
#50 C:/Users/Rurie/Downloads/coircraft-ph-newest/coircraft/backend/vendor/laravel/framework/src/Illuminate/Foundation/Console/Kernel.php(198): Symfony/Component/Console/Application->run(Object(Symfony/Component/Console/Input/ArgvInput), Object(Symfony/Component/Console/Output/ConsoleOutput))
#51 C:/Users/Rurie/Downloads/coircraft-ph-newest/coircraft/backend/artisan(7): Illuminate/Foundation/Console/Kernel->handle(Object(Symfony/Component/Console/Input/ArgvInput), Object(Symfony/Component/Console/Output/ConsoleOutput))
#52 {main}

[previous exception] [object] (PDOException(code: 23000): SQLSTATE[23000]: Integrity constraint violation: 1062 Duplicate entry 'buyer@coircraft.ph' for key 'users_email_unique' at C:/Users/Rurie/Downloads/coircraft-ph-newest/coircraft/backend/vendor/laravel/framework/src/Illuminate/Database/MySqlConnection.php:53)
[stacktrace]
#0 C:/Users/Rurie/Downloads/coircraft-ph-newest/coircraft/backend/vendor/laravel/framework/src/Illuminate/Database/MySqlConnection.php(53): PDOStatement->execute()
#1 C:/Users/Rurie/Downloads/coircraft-ph-newest/coircraft/backend/vendor/laravel/framework/src/Illuminate/Database/Connection.php(812): Illuminate/Database/MySqlConnection->Illuminate/Database/{closure}('insert into `us...', Array)
#2 C:/Users/Rurie/Downloads/coircraft-ph-newest/coircraft/backend/vendor/laravel/framework/src/Illuminate/Database/Connection.php(779): Illuminate/Database/Connection->runQueryCallback('insert into `us...', Array, Object(Closure))
#3 C:/Users/Rurie/Downloads/coircraft-ph-newest/coircraft/backend/vendor/laravel/framework/src/Illuminate/Database/MySqlConnection.php(42): Illuminate/Database/Connection->run('insert into `us...', Array, Object(Closure))
#4 C:/Users/Rurie/Downloads/coircraft-ph-newest/coircraft/backend/vendor/laravel/framework/src/Illuminate/Database/Query/Processors/MySqlProcessor.php(35): Illuminate/Database/MySqlConnection->insert('insert into `us...', Array, 'id')
#5 C:/Users/Rurie/Downloads/coircraft-ph-newest/coircraft/backend/vendor/laravel/framework/src/Illuminate/Database/Query/Builder.php(3766): Illuminate/Database/Query/Processors/MySqlProcessor->processInsertGetId(Object(Illuminate/Database/Query/Builder), 'insert into `us...', Array, 'id')
#6 C:/Users/Rurie/Downloads/coircraft-ph-newest/coircraft/backend/vendor/laravel/framework/src/Illuminate/Database/Eloquent/Builder.php(2120): Illuminate/Database/Query/Builder->insertGetId(Array, 'id')
#7 C:/Users/Rurie/Downloads/coircraft-ph-newest/coircraft/backend/vendor/laravel/framework/src/Illuminate/Database/Eloquent/Model.php(1359): Illuminate/Database/Eloquent/Builder->__call('insertGetId', Array)
#8 C:/Users/Rurie/Downloads/coircraft-ph-newest/coircraft/backend/vendor/laravel/framework/src/Illuminate/Database/Eloquent/Model.php(1324): Illuminate/Database/Eloquent/Model->insertAndSetId(Object(Illuminate/Database/Eloquent/Builder), Array)
#9 C:/Users/Rurie/Downloads/coircraft-ph-newest/coircraft/backend/vendor/laravel/framework/src/Illuminate/Database/Eloquent/Model.php(1163): Illuminate/Database/Eloquent/Model->performInsert(Object(Illuminate/Database/Eloquent/Builder))
#10 C:/Users/Rurie/Downloads/coircraft-ph-newest/coircraft/backend/vendor/laravel/framework/src/Illuminate/Database/Eloquent/Builder.php(1128): Illuminate/Database/Eloquent/Model->save()
#11 C:/Users/Rurie/Downloads/coircraft-ph-newest/coircraft/backend/vendor/laravel/framework/src/Illuminate/Support/helpers.php(399): Illuminate/Database/Eloquent/Builder->Illuminate/Database/Eloquent/{closure}(Object(App/Models/User))
#12 C:/Users/Rurie/Downloads/coircraft-ph-newest/coircraft/backend/vendor/laravel/framework/src/Illuminate/Database/Eloquent/Builder.php(1127): tap(Object(App/Models/User), Object(Closure))
#13 C:/Users/Rurie/Downloads/coircraft-ph-newest/coircraft/backend/vendor/laravel/framework/src/Illuminate/Support/Traits/ForwardsCalls.php(23): Illuminate/Database/Eloquent/Builder->create(Array)
#14 C:/Users/Rurie/Downloads/coircraft-ph-newest/coircraft/backend/vendor/laravel/framework/src/Illuminate/Database/Eloquent/Model.php(2372): Illuminate/Database/Eloquent/Model->forwardCallTo(Object(Illuminate/Database/Eloquent/Builder), 'create', Array)
#15 C:/Users/Rurie/Downloads/coircraft-ph-newest/coircraft/backend/vendor/laravel/framework/src/Illuminate/Database/Eloquent/Model.php(2384): Illuminate/Database/Eloquent/Model->__call('create', Array)
#16 C:/Users/Rurie/Downloads/coircraft-ph-newest/coircraft/backend/database/seeders/DatabaseSeeder.php(17): Illuminate/Database/Eloquent/Model::__callStatic('create', Array)
#17 C:/Users/Rurie/Downloads/coircraft-ph-newest/coircraft/backend/vendor/laravel/framework/src/Illuminate/Container/BoundMethod.php(36): Database/Seeders/DatabaseSeeder->run()
#18 C:/Users/Rurie/Downloads/coircraft-ph-newest/coircraft/backend/vendor/laravel/framework/src/Illuminate/Container/Util.php(43): Illuminate/Container/BoundMethod::Illuminate/Container/{closure}()
#19 C:/Users/Rurie/Downloads/coircraft-ph-newest/coircraft/backend/vendor/laravel/framework/src/Illuminate/Container/BoundMethod.php(95): Illuminate/Container/Util::unwrapIfClosure(Object(Closure))
#20 C:/Users/Rurie/Downloads/coircraft-ph-newest/coircraft/backend/vendor/laravel/framework/src/Illuminate/Container/BoundMethod.php(35): Illuminate/Container/BoundMethod::callBoundMethod(Object(Illuminate/Foundation/Application), Array, Object(Closure))
#21 C:/Users/Rurie/Downloads/coircraft-ph-newest/coircraft/backend/vendor/laravel/framework/src/Illuminate/Container/Container.php(696): Illuminate/Container/BoundMethod::call(Object(Illuminate/Foundation/Application), Array, Array, NULL)
#22 C:/Users/Rurie/Downloads/coircraft-ph-newest/coircraft/backend/vendor/laravel/framework/src/Illuminate/Database/Seeder.php(188): Illuminate/Container/Container->call(Array, Array)
#23 C:/Users/Rurie/Downloads/coircraft-ph-newest/coircraft/backend/vendor/laravel/framework/src/Illuminate/Database/Seeder.php(197): Illuminate/Database/Seeder->Illuminate/Database/{closure}()
#24 C:/Users/Rurie/Downloads/coircraft-ph-newest/coircraft/backend/vendor/laravel/framework/src/Illuminate/Database/Console/Seeds/SeedCommand.php(70): Illuminate/Database/Seeder->__invoke()
#25 C:/Users/Rurie/Downloads/coircraft-ph-newest/coircraft/backend/vendor/laravel/framework/src/Illuminate/Database/Eloquent/Concerns/GuardsAttributes.php(155): Illuminate/Database/Console/Seeds/SeedCommand->Illuminate/Database/Console/Seeds/{closure}()
#26 C:/Users/Rurie/Downloads/coircraft-ph-newest/coircraft/backend/vendor/laravel/framework/src/Illuminate/Database/Console/Seeds/SeedCommand.php(69): Illuminate/Database/Eloquent/Model::unguarded(Object(Closure))
#27 C:/Users/Rurie/Downloads/coircraft-ph-newest/coircraft/backend/vendor/laravel/framework/src/Illuminate/Container/BoundMethod.php(36): Illuminate/Database/Console/Seeds/SeedCommand->handle()
#28 C:/Users/Rurie/Downloads/coircraft-ph-newest/coircraft/backend/vendor/laravel/framework/src/Illuminate/Container/Util.php(43): Illuminate/Container/BoundMethod::Illuminate/Container/{closure}()
#29 C:/Users/Rurie/Downloads/coircraft-ph-newest/coircraft/backend/vendor/laravel/framework/src/Illuminate/Container/BoundMethod.php(95): Illuminate/Container/Util::unwrapIfClosure(Object(Closure))
#30 C:/Users/Rurie/Downloads/coircraft-ph-newest/coircraft/backend/vendor/laravel/framework/src/Illuminate/Container/BoundMethod.php(35): Illuminate/Container/BoundMethod::callBoundMethod(Object(Illuminate/Foundation/Application), Array, Object(Closure))
#31 C:/Users/Rurie/Downloads/coircraft-ph-newest/coircraft/backend/vendor/laravel/framework/src/Illuminate/Container/Container.php(696): Illuminate/Container/BoundMethod::call(Object(Illuminate/Foundation/Application), Array, Array, NULL)
#32 C:/Users/Rurie/Downloads/coircraft-ph-newest/coircraft/backend/vendor/laravel/framework/src/Illuminate/Console/Command.php(213): Illuminate/Container/Container->call(Array)
#33 C:/Users/Rurie/Downloads/coircraft-ph-newest/coircraft/backend/vendor/symfony/console/Command/Command.php(341): Illuminate/Console/Command->execute(Object(Symfony/Component/Console/Input/ArrayInput), Object(Illuminate/Console/OutputStyle))
#34 C:/Users/Rurie/Downloads/coircraft-ph-newest/coircraft/backend/vendor/laravel/framework/src/Illuminate/Console/Command.php(182): Symfony/Component/Console/Command/Command->run(Object(Symfony/Component/Console/Input/ArrayInput), Object(Illuminate/Console/OutputStyle))
#35 C:/Users/Rurie/Downloads/coircraft-ph-newest/coircraft/backend/vendor/laravel/framework/src/Illuminate/Console/Concerns/CallsCommands.php(68): Illuminate/Console/Command->run(Object(Symfony/Component/Console/Input/ArrayInput), Object(Illuminate/Console/OutputStyle))
#36 C:/Users/Rurie/Downloads/coircraft-ph-newest/coircraft/backend/vendor/laravel/framework/src/Illuminate/Console/Concerns/CallsCommands.php(29): Illuminate/Console/Command->runCommand('db:seed', Array, Object(Illuminate/Console/OutputStyle))
#37 C:/Users/Rurie/Downloads/coircraft-ph-newest/coircraft/backend/vendor/laravel/framework/src/Illuminate/Database/Console/Migrations/MigrateCommand.php(126): Illuminate/Console/Command->call('db:seed', Array)
#38 C:/Users/Rurie/Downloads/coircraft-ph-newest/coircraft/backend/vendor/laravel/framework/src/Illuminate/Database/Migrations/Migrator.php(658): Illuminate/Database/Console/Migrations/MigrateCommand->Illuminate/Database/Console/Migrations/{closure}()
#39 C:/Users/Rurie/Downloads/coircraft-ph-newest/coircraft/backend/vendor/laravel/framework/src/Illuminate/Database/Console/Migrations/MigrateCommand.php(110): Illuminate/Database/Migrations/Migrator->usingConnection(NULL, Object(Closure))
#40 C:/Users/Rurie/Downloads/coircraft-ph-newest/coircraft/backend/vendor/laravel/framework/src/Illuminate/Database/Console/Migrations/MigrateCommand.php(89): Illuminate/Database/Console/Migrations/MigrateCommand->runMigrations()
#41 C:/Users/Rurie/Downloads/coircraft-ph-newest/coircraft/backend/vendor/laravel/framework/src/Illuminate/Container/BoundMethod.php(36): Illuminate/Database/Console/Migrations/MigrateCommand->handle()
#42 C:/Users/Rurie/Downloads/coircraft-ph-newest/coircraft/backend/vendor/laravel/framework/src/Illuminate/Container/Util.php(43): Illuminate/Container/BoundMethod::Illuminate/Container/{closure}()
#43 C:/Users/Rurie/Downloads/coircraft-ph-newest/coircraft/backend/vendor/laravel/framework/src/Illuminate/Container/BoundMethod.php(95): Illuminate/Container/Util::unwrapIfClosure(Object(Closure))
#44 C:/Users/Rurie/Downloads/coircraft-ph-newest/coircraft/backend/vendor/laravel/framework/src/Illuminate/Container/BoundMethod.php(35): Illuminate/Container/BoundMethod::callBoundMethod(Object(Illuminate/Foundation/Application), Array, Object(Closure))
#45 C:/Users/Rurie/Downloads/coircraft-ph-newest/coircraft/backend/vendor/laravel/framework/src/Illuminate/Container/Container.php(696): Illuminate/Container/BoundMethod::call(Object(Illuminate/Foundation/Application), Array, Array, NULL)
#46 C:/Users/Rurie/Downloads/coircraft-ph-newest/coircraft/backend/vendor/laravel/framework/src/Illuminate/Console/Command.php(213): Illuminate/Container/Container->call(Array)
#47 C:/Users/Rurie/Downloads/coircraft-ph-newest/coircraft/backend/vendor/symfony/console/Command/Command.php(341): Illuminate/Console/Command->execute(Object(Symfony/Component/Console/Input/ArgvInput), Object(Illuminate/Console/OutputStyle))
#48 C:/Users/Rurie/Downloads/coircraft-ph-newest/coircraft/backend/vendor/laravel/framework/src/Illuminate/Console/Command.php(182): Symfony/Component/Console/Command/Command->run(Object(Symfony/Component/Console/Input/ArgvInput), Object(Illuminate/Console/OutputStyle))
#49 C:/Users/Rurie/Downloads/coircraft-ph-newest/coircraft/backend/vendor/symfony/console/Application.php(1117): Illuminate/Console/Command->run(Object(Symfony/Component/Console/Input/ArgvInput), Object(Symfony/Component/Console/Output/ConsoleOutput))
#50 C:/Users/Rurie/Downloads/coircraft-ph-newest/coircraft/backend/vendor/symfony/console/Application.php(356): Symfony/Component/Console/Application->doRunCommand(Object(Illuminate/Database/Console/Migrations/MigrateCommand), Object(Symfony/Component/Console/Input/ArgvInput), Object(Symfony/Component/Console/Output/ConsoleOutput))
#51 C:/Users/Rurie/Downloads/coircraft-ph-newest/coircraft/backend/vendor/symfony/console/Application.php(195): Symfony/Component/Console/Application->doRun(Object(Symfony/Component/Console/Input/ArgvInput), Object(Symfony/Component/Console/Output/ConsoleOutput))
#52 C:/Users/Rurie/Downloads/coircraft-ph-newest/coircraft/backend/vendor/laravel/framework/src/Illuminate/Foundation/Console/Kernel.php(198): Symfony/Component/Console/Application->run(Object(Symfony/Component/Console/Input/ArgvInput), Object(Symfony/Component/Console/Output/ConsoleOutput))
#53 C:/Users/Rurie/Downloads/coircraft-ph-newest/coircraft/backend/artisan(7): Illuminate/Foundation/Console/Kernel->handle(Object(Symfony/Component/Console/Input/ArgvInput), Object(Symfony/Component/Console/Output/ConsoleOutput))
#54 {main}
"} 
[2026-03-24 09:03:50] local.ERROR: Class "App\Http\Controllers\Controller" not found {"exception":"[object] (Error(code: 0): Class \"App\\Http\\Controllers\\Controller\" not found at C:/Users/Rurie/Downloads/coircraft-ph-newest/coircraft/backend/app/Http/Controllers/Api/ProductController.php:7)
[stacktrace]
#0 C:/Users/Rurie/Downloads/coircraft-ph-newest/coircraft/backend/vendor/composer/ClassLoader.php(576): include()
#1 C:/Users/Rurie/Downloads/coircraft-ph-newest/coircraft/backend/vendor/composer/ClassLoader.php(427): Composer/Autoload/{closure}('C://Users//Rurie//...')
#2 [internal function]: Composer/Autoload/ClassLoader->loadClass('App//Http//Contro...')
#3 C:/Users/Rurie/Downloads/coircraft-ph-newest/coircraft/backend/vendor/laravel/framework/src/Illuminate/Routing/Route.php(1117): is_a('App//Http//Contro...', 'Illuminate//Rout...', true)
#4 C:/Users/Rurie/Downloads/coircraft-ph-newest/coircraft/backend/vendor/laravel/framework/src/Illuminate/Routing/Route.php(1054): Illuminate/Routing/Route->controllerMiddleware()
#5 C:/Users/Rurie/Downloads/coircraft-ph-newest/coircraft/backend/vendor/laravel/framework/src/Illuminate/Routing/Router.php(820): Illuminate/Routing/Route->gatherMiddleware()
#6 C:/Users/Rurie/Downloads/coircraft-ph-newest/coircraft/backend/vendor/laravel/framework/src/Illuminate/Routing/Router.php(802): Illuminate/Routing/Router->gatherRouteMiddleware(Object(Illuminate/Routing/Route))
#7 C:/Users/Rurie/Downloads/coircraft-ph-newest/coircraft/backend/vendor/laravel/framework/src/Illuminate/Routing/Router.php(786): Illuminate/Routing/Router->runRouteWithinStack(Object(Illuminate/Routing/Route), Object(Illuminate/Http/Request))
#8 C:/Users/Rurie/Downloads/coircraft-ph-newest/coircraft/backend/vendor/laravel/framework/src/Illuminate/Routing/Router.php(750): Illuminate/Routing/Router->runRoute(Object(Illuminate/Http/Request), Object(Illuminate/Routing/Route))
#9 C:/Users/Rurie/Downloads/coircraft-ph-newest/coircraft/backend/vendor/laravel/framework/src/Illuminate/Routing/Router.php(739): Illuminate/Routing/Router->dispatchToRoute(Object(Illuminate/Http/Request))
#10 C:/Users/Rurie/Downloads/coircraft-ph-newest/coircraft/backend/vendor/laravel/framework/src/Illuminate/Foundation/Http/Kernel.php(201): Illuminate/Routing/Router->dispatch(Object(Illuminate/Http/Request))
#11 C:/Users/Rurie/Downloads/coircraft-ph-newest/coircraft/backend/vendor/laravel/framework/src/Illuminate/Pipeline/Pipeline.php(170): Illuminate/Foundation/Http/Kernel->Illuminate/Foundation/Http/{closure}(Object(Illuminate/Http/Request))
#12 C:/Users/Rurie/Downloads/coircraft-ph-newest/coircraft/backend/vendor/laravel/framework/src/Illuminate/Foundation/Http/Middleware/TransformsRequest.php(21): Illuminate/Pipeline/Pipeline->Illuminate/Pipeline/{closure}(Object(Illuminate/Http/Request))
#13 C:/Users/Rurie/Downloads/coircraft-ph-newest/coircraft/backend/vendor/laravel/framework/src/Illuminate/Foundation/Http/Middleware/ConvertEmptyStringsToNull.php(31): Illuminate/Foundation/Http/Middleware/TransformsRequest->handle(Object(Illuminate/Http/Request), Object(Closure))
#14 C:/Users/Rurie/Downloads/coircraft-ph-newest/coircraft/backend/vendor/laravel/framework/src/Illuminate/Pipeline/Pipeline.php(209): Illuminate/Foundation/Http/Middleware/ConvertEmptyStringsToNull->handle(Object(Illuminate/Http/Request), Object(Closure))
#15 C:/Users/Rurie/Downloads/coircraft-ph-newest/coircraft/backend/vendor/laravel/framework/src/Illuminate/Foundation/Http/Middleware/TransformsRequest.php(21): Illuminate/Pipeline/Pipeline->Illuminate/Pipeline/{closure}(Object(Illuminate/Http/Request))
#16 C:/Users/Rurie/Downloads/coircraft-ph-newest/coircraft/backend/vendor/laravel/framework/src/Illuminate/Foundation/Http/Middleware/TrimStrings.php(51): Illuminate/Foundation/Http/Middleware/TransformsRequest->handle(Object(Illuminate/Http/Request), Object(Closure))
#17 C:/Users/Rurie/Downloads/coircraft-ph-newest/coircraft/backend/vendor/laravel/framework/src/Illuminate/Pipeline/Pipeline.php(209): Illuminate/Foundation/Http/Middleware/TrimStrings->handle(Object(Illuminate/Http/Request), Object(Closure))
#18 C:/Users/Rurie/Downloads/coircraft-ph-newest/coircraft/backend/vendor/laravel/framework/src/Illuminate/Http/Middleware/ValidatePostSize.php(27): Illuminate/Pipeline/Pipeline->Illuminate/Pipeline/{closure}(Object(Illuminate/Http/Request))
#19 C:/Users/Rurie/Downloads/coircraft-ph-newest/coircraft/backend/vendor/laravel/framework/src/Illuminate/Pipeline/Pipeline.php(209): Illuminate/Http/Middleware/ValidatePostSize->handle(Object(Illuminate/Http/Request), Object(Closure))
#20 C:/Users/Rurie/Downloads/coircraft-ph-newest/coircraft/backend/vendor/laravel/framework/src/Illuminate/Foundation/Http/Middleware/PreventRequestsDuringMaintenance.php(110): Illuminate/Pipeline/Pipeline->Illuminate/Pipeline/{closure}(Object(Illuminate/Http/Request))
#21 C:/Users/Rurie/Downloads/coircraft-ph-newest/coircraft/backend/vendor/laravel/framework/src/Illuminate/Pipeline/Pipeline.php(209): Illuminate/Foundation/Http/Middleware/PreventRequestsDuringMaintenance->handle(Object(Illuminate/Http/Request), Object(Closure))
#22 C:/Users/Rurie/Downloads/coircraft-ph-newest/coircraft/backend/vendor/laravel/framework/src/Illuminate/Http/Middleware/HandleCors.php(62): Illuminate/Pipeline/Pipeline->Illuminate/Pipeline/{closure}(Object(Illuminate/Http/Request))
#23 C:/Users/Rurie/Downloads/coircraft-ph-newest/coircraft/backend/vendor/laravel/framework/src/Illuminate/Pipeline/Pipeline.php(209): Illuminate/Http/Middleware/HandleCors->handle(Object(Illuminate/Http/Request), Object(Closure))
#24 C:/Users/Rurie/Downloads/coircraft-ph-newest/coircraft/backend/vendor/laravel/framework/src/Illuminate/Http/Middleware/TrustProxies.php(58): Illuminate/Pipeline/Pipeline->Illuminate/Pipeline/{closure}(Object(Illuminate/Http/Request))
#25 C:/Users/Rurie/Downloads/coircraft-ph-newest/coircraft/backend/vendor/laravel/framework/src/Illuminate/Pipeline/Pipeline.php(209): Illuminate/Http/Middleware/TrustProxies->handle(Object(Illuminate/Http/Request), Object(Closure))
#26 C:/Users/Rurie/Downloads/coircraft-ph-newest/coircraft/backend/vendor/laravel/framework/src/Illuminate/Foundation/Http/Middleware/InvokeDeferredCallbacks.php(22): Illuminate/Pipeline/Pipeline->Illuminate/Pipeline/{closure}(Object(Illuminate/Http/Request))
#27 C:/Users/Rurie/Downloads/coircraft-ph-newest/coircraft/backend/vendor/laravel/framework/src/Illuminate/Pipeline/Pipeline.php(209): Illuminate/Foundation/Http/Middleware/InvokeDeferredCallbacks->handle(Object(Illuminate/Http/Request), Object(Closure))
#28 C:/Users/Rurie/Downloads/coircraft-ph-newest/coircraft/backend/vendor/laravel/framework/src/Illuminate/Pipeline/Pipeline.php(127): Illuminate/Pipeline/Pipeline->Illuminate/Pipeline/{closure}(Object(Illuminate/Http/Request))
#29 C:/Users/Rurie/Downloads/coircraft-ph-newest/coircraft/backend/vendor/laravel/framework/src/Illuminate/Foundation/Http/Kernel.php(176): Illuminate/Pipeline/Pipeline->then(Object(Closure))
#30 C:/Users/Rurie/Downloads/coircraft-ph-newest/coircraft/backend/vendor/laravel/framework/src/Illuminate/Foundation/Http/Kernel.php(145): Illuminate/Foundation/Http/Kernel->sendRequestThroughRouter(Object(Illuminate/Http/Request))
#31 C:/Users/Rurie/Downloads/coircraft-ph-newest/coircraft/backend/vendor/laravel/framework/src/Illuminate/Foundation/Application.php(1220): Illuminate/Foundation/Http/Kernel->handle(Object(Illuminate/Http/Request))
#32 C:/Users/Rurie/Downloads/coircraft-ph-newest/coircraft/backend/public/index.php(10): Illuminate/Foundation/Application->handleRequest(Object(Illuminate/Http/Request))
#33 C:/Users/Rurie/Downloads/coircraft-ph-newest/coircraft/backend/vendor/laravel/framework/src/Illuminate/Foundation/resources/server.php(23): require_once('C://Users//Rurie//...')
#34 {main}
"} 
[2026-03-24 09:03:51] local.ERROR: Class "App\Http\Controllers\Controller" not found {"exception":"[object] (Error(code: 0): Class \"App\\Http\\Controllers\\Controller\" not found at C:/Users/Rurie/Downloads/coircraft-ph-newest/coircraft/backend/app/Http/Controllers/Api/ProductController.php:7)
[stacktrace]
#0 C:/Users/Rurie/Downloads/coircraft-ph-newest/coircraft/backend/vendor/composer/ClassLoader.php(576): include()
#1 C:/Users/Rurie/Downloads/coircraft-ph-newest/coircraft/backend/vendor/composer/ClassLoader.php(427): Composer/Autoload/{closure}('C://Users//Rurie//...')
#2 [internal function]: Composer/Autoload/ClassLoader->loadClass('App//Http//Contro...')
#3 C:/Users/Rurie/Downloads/coircraft-ph-newest/coircraft/backend/vendor/laravel/framework/src/Illuminate/Routing/Route.php(1117): is_a('App//Http//Contro...', 'Illuminate//Rout...', true)
#4 C:/Users/Rurie/Downloads/coircraft-ph-newest/coircraft/backend/vendor/laravel/framework/src/Illuminate/Routing/Route.php(1054): Illuminate/Routing/Route->controllerMiddleware()
#5 C:/Users/Rurie/Downloads/coircraft-ph-newest/coircraft/backend/vendor/laravel/framework/src/Illuminate/Routing/Router.php(820): Illuminate/Routing/Route->gatherMiddleware()
#6 C:/Users/Rurie/Downloads/coircraft-ph-newest/coircraft/backend/vendor/laravel/framework/src/Illuminate/Routing/Router.php(802): Illuminate/Routing/Router->gatherRouteMiddleware(Object(Illuminate/Routing/Route))
#7 C:/Users/Rurie/Downloads/coircraft-ph-newest/coircraft/backend/vendor/laravel/framework/src/Illuminate/Routing/Router.php(786): Illuminate/Routing/Router->runRouteWithinStack(Object(Illuminate/Routing/Route), Object(Illuminate/Http/Request))
#8 C:/Users/Rurie/Downloads/coircraft-ph-newest/coircraft/backend/vendor/laravel/framework/src/Illuminate/Routing/Router.php(750): Illuminate/Routing/Router->runRoute(Object(Illuminate/Http/Request), Object(Illuminate/Routing/Route))
#9 C:/Users/Rurie/Downloads/coircraft-ph-newest/coircraft/backend/vendor/laravel/framework/src/Illuminate/Routing/Router.php(739): Illuminate/Routing/Router->dispatchToRoute(Object(Illuminate/Http/Request))
#10 C:/Users/Rurie/Downloads/coircraft-ph-newest/coircraft/backend/vendor/laravel/framework/src/Illuminate/Foundation/Http/Kernel.php(201): Illuminate/Routing/Router->dispatch(Object(Illuminate/Http/Request))
#11 C:/Users/Rurie/Downloads/coircraft-ph-newest/coircraft/backend/vendor/laravel/framework/src/Illuminate/Pipeline/Pipeline.php(170): Illuminate/Foundation/Http/Kernel->Illuminate/Foundation/Http/{closure}(Object(Illuminate/Http/Request))
#12 C:/Users/Rurie/Downloads/coircraft-ph-newest/coircraft/backend/vendor/laravel/framework/src/Illuminate/Foundation/Http/Middleware/TransformsRequest.php(21): Illuminate/Pipeline/Pipeline->Illuminate/Pipeline/{closure}(Object(Illuminate/Http/Request))
#13 C:/Users/Rurie/Downloads/coircraft-ph-newest/coircraft/backend/vendor/laravel/framework/src/Illuminate/Foundation/Http/Middleware/ConvertEmptyStringsToNull.php(31): Illuminate/Foundation/Http/Middleware/TransformsRequest->handle(Object(Illuminate/Http/Request), Object(Closure))
#14 C:/Users/Rurie/Downloads/coircraft-ph-newest/coircraft/backend/vendor/laravel/framework/src/Illuminate/Pipeline/Pipeline.php(209): Illuminate/Foundation/Http/Middleware/ConvertEmptyStringsToNull->handle(Object(Illuminate/Http/Request), Object(Closure))
#15 C:/Users/Rurie/Downloads/coircraft-ph-newest/coircraft/backend/vendor/laravel/framework/src/Illuminate/Foundation/Http/Middleware/TransformsRequest.php(21): Illuminate/Pipeline/Pipeline->Illuminate/Pipeline/{closure}(Object(Illuminate/Http/Request))
#16 C:/Users/Rurie/Downloads/coircraft-ph-newest/coircraft/backend/vendor/laravel/framework/src/Illuminate/Foundation/Http/Middleware/TrimStrings.php(51): Illuminate/Foundation/Http/Middleware/TransformsRequest->handle(Object(Illuminate/Http/Request), Object(Closure))
#17 C:/Users/Rurie/Downloads/coircraft-ph-newest/coircraft/backend/vendor/laravel/framework/src/Illuminate/Pipeline/Pipeline.php(209): Illuminate/Foundation/Http/Middleware/TrimStrings->handle(Object(Illuminate/Http/Request), Object(Closure))
#18 C:/Users/Rurie/Downloads/coircraft-ph-newest/coircraft/backend/vendor/laravel/framework/src/Illuminate/Http/Middleware/ValidatePostSize.php(27): Illuminate/Pipeline/Pipeline->Illuminate/Pipeline/{closure}(Object(Illuminate/Http/Request))
#19 C:/Users/Rurie/Downloads/coircraft-ph-newest/coircraft/backend/vendor/laravel/framework/src/Illuminate/Pipeline/Pipeline.php(209): Illuminate/Http/Middleware/ValidatePostSize->handle(Object(Illuminate/Http/Request), Object(Closure))
#20 C:/Users/Rurie/Downloads/coircraft-ph-newest/coircraft/backend/vendor/laravel/framework/src/Illuminate/Foundation/Http/Middleware/PreventRequestsDuringMaintenance.php(110): Illuminate/Pipeline/Pipeline->Illuminate/Pipeline/{closure}(Object(Illuminate/Http/Request))
#21 C:/Users/Rurie/Downloads/coircraft-ph-newest/coircraft/backend/vendor/laravel/framework/src/Illuminate/Pipeline/Pipeline.php(209): Illuminate/Foundation/Http/Middleware/PreventRequestsDuringMaintenance->handle(Object(Illuminate/Http/Request), Object(Closure))
#22 C:/Users/Rurie/Downloads/coircraft-ph-newest/coircraft/backend/vendor/laravel/framework/src/Illuminate/Http/Middleware/HandleCors.php(62): Illuminate/Pipeline/Pipeline->Illuminate/Pipeline/{closure}(Object(Illuminate/Http/Request))
#23 C:/Users/Rurie/Downloads/coircraft-ph-newest/coircraft/backend/vendor/laravel/framework/src/Illuminate/Pipeline/Pipeline.php(209): Illuminate/Http/Middleware/HandleCors->handle(Object(Illuminate/Http/Request), Object(Closure))
#24 C:/Users/Rurie/Downloads/coircraft-ph-newest/coircraft/backend/vendor/laravel/framework/src/Illuminate/Http/Middleware/TrustProxies.php(58): Illuminate/Pipeline/Pipeline->Illuminate/Pipeline/{closure}(Object(Illuminate/Http/Request))
#25 C:/Users/Rurie/Downloads/coircraft-ph-newest/coircraft/backend/vendor/laravel/framework/src/Illuminate/Pipeline/Pipeline.php(209): Illuminate/Http/Middleware/TrustProxies->handle(Object(Illuminate/Http/Request), Object(Closure))
#26 C:/Users/Rurie/Downloads/coircraft-ph-newest/coircraft/backend/vendor/laravel/framework/src/Illuminate/Foundation/Http/Middleware/InvokeDeferredCallbacks.php(22): Illuminate/Pipeline/Pipeline->Illuminate/Pipeline/{closure}(Object(Illuminate/Http/Request))
#27 C:/Users/Rurie/Downloads/coircraft-ph-newest/coircraft/backend/vendor/laravel/framework/src/Illuminate/Pipeline/Pipeline.php(209): Illuminate/Foundation/Http/Middleware/InvokeDeferredCallbacks->handle(Object(Illuminate/Http/Request), Object(Closure))
#28 C:/Users/Rurie/Downloads/coircraft-ph-newest/coircraft/backend/vendor/laravel/framework/src/Illuminate/Pipeline/Pipeline.php(127): Illuminate/Pipeline/Pipeline->Illuminate/Pipeline/{closure}(Object(Illuminate/Http/Request))
#29 C:/Users/Rurie/Downloads/coircraft-ph-newest/coircraft/backend/vendor/laravel/framework/src/Illuminate/Foundation/Http/Kernel.php(176): Illuminate/Pipeline/Pipeline->then(Object(Closure))
#30 C:/Users/Rurie/Downloads/coircraft-ph-newest/coircraft/backend/vendor/laravel/framework/src/Illuminate/Foundation/Http/Kernel.php(145): Illuminate/Foundation/Http/Kernel->sendRequestThroughRouter(Object(Illuminate/Http/Request))
#31 C:/Users/Rurie/Downloads/coircraft-ph-newest/coircraft/backend/vendor/laravel/framework/src/Illuminate/Foundation/Application.php(1220): Illuminate/Foundation/Http/Kernel->handle(Object(Illuminate/Http/Request))
#32 C:/Users/Rurie/Downloads/coircraft-ph-newest/coircraft/backend/public/index.php(10): Illuminate/Foundation/Application->handleRequest(Object(Illuminate/Http/Request))
#33 C:/Users/Rurie/Downloads/coircraft-ph-newest/coircraft/backend/vendor/laravel/framework/src/Illuminate/Foundation/resources/server.php(23): require_once('C://Users//Rurie//...')
#34 {main}
"} 
[2026-03-24 09:03:54] local.ERROR: Class "App\Http\Controllers\Controller" not found {"exception":"[object] (Error(code: 0): Class \"App\\Http\\Controllers\\Controller\" not found at C:/Users/Rurie/Downloads/coircraft-ph-newest/coircraft/backend/app/Http/Controllers/Api/ProductController.php:7)
[stacktrace]
#0 C:/Users/Rurie/Downloads/coircraft-ph-newest/coircraft/backend/vendor/composer/ClassLoader.php(576): include()
#1 C:/Users/Rurie/Downloads/coircraft-ph-newest/coircraft/backend/vendor/composer/ClassLoader.php(427): Composer/Autoload/{closure}('C://Users//Rurie//...')
#2 [internal function]: Composer/Autoload/ClassLoader->loadClass('App//Http//Contro...')
#3 C:/Users/Rurie/Downloads/coircraft-ph-newest/coircraft/backend/vendor/laravel/framework/src/Illuminate/Routing/Route.php(1117): is_a('App//Http//Contro...', 'Illuminate//Rout...', true)
#4 C:/Users/Rurie/Downloads/coircraft-ph-newest/coircraft/backend/vendor/laravel/framework/src/Illuminate/Routing/Route.php(1054): Illuminate/Routing/Route->controllerMiddleware()
#5 C:/Users/Rurie/Downloads/coircraft-ph-newest/coircraft/backend/vendor/laravel/framework/src/Illuminate/Routing/Router.php(820): Illuminate/Routing/Route->gatherMiddleware()
#6 C:/Users/Rurie/Downloads/coircraft-ph-newest/coircraft/backend/vendor/laravel/framework/src/Illuminate/Routing/Router.php(802): Illuminate/Routing/Router->gatherRouteMiddleware(Object(Illuminate/Routing/Route))
#7 C:/Users/Rurie/Downloads/coircraft-ph-newest/coircraft/backend/vendor/laravel/framework/src/Illuminate/Routing/Router.php(786): Illuminate/Routing/Router->runRouteWithinStack(Object(Illuminate/Routing/Route), Object(Illuminate/Http/Request))
#8 C:/Users/Rurie/Downloads/coircraft-ph-newest/coircraft/backend/vendor/laravel/framework/src/Illuminate/Routing/Router.php(750): Illuminate/Routing/Router->runRoute(Object(Illuminate/Http/Request), Object(Illuminate/Routing/Route))
#9 C:/Users/Rurie/Downloads/coircraft-ph-newest/coircraft/backend/vendor/laravel/framework/src/Illuminate/Routing/Router.php(739): Illuminate/Routing/Router->dispatchToRoute(Object(Illuminate/Http/Request))
#10 C:/Users/Rurie/Downloads/coircraft-ph-newest/coircraft/backend/vendor/laravel/framework/src/Illuminate/Foundation/Http/Kernel.php(201): Illuminate/Routing/Router->dispatch(Object(Illuminate/Http/Request))
#11 C:/Users/Rurie/Downloads/coircraft-ph-newest/coircraft/backend/vendor/laravel/framework/src/Illuminate/Pipeline/Pipeline.php(170): Illuminate/Foundation/Http/Kernel->Illuminate/Foundation/Http/{closure}(Object(Illuminate/Http/Request))
#12 C:/Users/Rurie/Downloads/coircraft-ph-newest/coircraft/backend/vendor/laravel/framework/src/Illuminate/Foundation/Http/Middleware/TransformsRequest.php(21): Illuminate/Pipeline/Pipeline->Illuminate/Pipeline/{closure}(Object(Illuminate/Http/Request))
#13 C:/Users/Rurie/Downloads/coircraft-ph-newest/coircraft/backend/vendor/laravel/framework/src/Illuminate/Foundation/Http/Middleware/ConvertEmptyStringsToNull.php(31): Illuminate/Foundation/Http/Middleware/TransformsRequest->handle(Object(Illuminate/Http/Request), Object(Closure))
#14 C:/Users/Rurie/Downloads/coircraft-ph-newest/coircraft/backend/vendor/laravel/framework/src/Illuminate/Pipeline/Pipeline.php(209): Illuminate/Foundation/Http/Middleware/ConvertEmptyStringsToNull->handle(Object(Illuminate/Http/Request), Object(Closure))
#15 C:/Users/Rurie/Downloads/coircraft-ph-newest/coircraft/backend/vendor/laravel/framework/src/Illuminate/Foundation/Http/Middleware/TransformsRequest.php(21): Illuminate/Pipeline/Pipeline->Illuminate/Pipeline/{closure}(Object(Illuminate/Http/Request))
#16 C:/Users/Rurie/Downloads/coircraft-ph-newest/coircraft/backend/vendor/laravel/framework/src/Illuminate/Foundation/Http/Middleware/TrimStrings.php(51): Illuminate/Foundation/Http/Middleware/TransformsRequest->handle(Object(Illuminate/Http/Request), Object(Closure))
#17 C:/Users/Rurie/Downloads/coircraft-ph-newest/coircraft/backend/vendor/laravel/framework/src/Illuminate/Pipeline/Pipeline.php(209): Illuminate/Foundation/Http/Middleware/TrimStrings->handle(Object(Illuminate/Http/Request), Object(Closure))
#18 C:/Users/Rurie/Downloads/coircraft-ph-newest/coircraft/backend/vendor/laravel/framework/src/Illuminate/Http/Middleware/ValidatePostSize.php(27): Illuminate/Pipeline/Pipeline->Illuminate/Pipeline/{closure}(Object(Illuminate/Http/Request))
#19 C:/Users/Rurie/Downloads/coircraft-ph-newest/coircraft/backend/vendor/laravel/framework/src/Illuminate/Pipeline/Pipeline.php(209): Illuminate/Http/Middleware/ValidatePostSize->handle(Object(Illuminate/Http/Request), Object(Closure))
#20 C:/Users/Rurie/Downloads/coircraft-ph-newest/coircraft/backend/vendor/laravel/framework/src/Illuminate/Foundation/Http/Middleware/PreventRequestsDuringMaintenance.php(110): Illuminate/Pipeline/Pipeline->Illuminate/Pipeline/{closure}(Object(Illuminate/Http/Request))
#21 C:/Users/Rurie/Downloads/coircraft-ph-newest/coircraft/backend/vendor/laravel/framework/src/Illuminate/Pipeline/Pipeline.php(209): Illuminate/Foundation/Http/Middleware/PreventRequestsDuringMaintenance->handle(Object(Illuminate/Http/Request), Object(Closure))
#22 C:/Users/Rurie/Downloads/coircraft-ph-newest/coircraft/backend/vendor/laravel/framework/src/Illuminate/Http/Middleware/HandleCors.php(62): Illuminate/Pipeline/Pipeline->Illuminate/Pipeline/{closure}(Object(Illuminate/Http/Request))
#23 C:/Users/Rurie/Downloads/coircraft-ph-newest/coircraft/backend/vendor/laravel/framework/src/Illuminate/Pipeline/Pipeline.php(209): Illuminate/Http/Middleware/HandleCors->handle(Object(Illuminate/Http/Request), Object(Closure))
#24 C:/Users/Rurie/Downloads/coircraft-ph-newest/coircraft/backend/vendor/laravel/framework/src/Illuminate/Http/Middleware/TrustProxies.php(58): Illuminate/Pipeline/Pipeline->Illuminate/Pipeline/{closure}(Object(Illuminate/Http/Request))
#25 C:/Users/Rurie/Downloads/coircraft-ph-newest/coircraft/backend/vendor/laravel/framework/src/Illuminate/Pipeline/Pipeline.php(209): Illuminate/Http/Middleware/TrustProxies->handle(Object(Illuminate/Http/Request), Object(Closure))
#26 C:/Users/Rurie/Downloads/coircraft-ph-newest/coircraft/backend/vendor/laravel/framework/src/Illuminate/Foundation/Http/Middleware/InvokeDeferredCallbacks.php(22): Illuminate/Pipeline/Pipeline->Illuminate/Pipeline/{closure}(Object(Illuminate/Http/Request))
#27 C:/Users/Rurie/Downloads/coircraft-ph-newest/coircraft/backend/vendor/laravel/framework/src/Illuminate/Pipeline/Pipeline.php(209): Illuminate/Foundation/Http/Middleware/InvokeDeferredCallbacks->handle(Object(Illuminate/Http/Request), Object(Closure))
#28 C:/Users/Rurie/Downloads/coircraft-ph-newest/coircraft/backend/vendor/laravel/framework/src/Illuminate/Pipeline/Pipeline.php(127): Illuminate/Pipeline/Pipeline->Illuminate/Pipeline/{closure}(Object(Illuminate/Http/Request))
#29 C:/Users/Rurie/Downloads/coircraft-ph-newest/coircraft/backend/vendor/laravel/framework/src/Illuminate/Foundation/Http/Kernel.php(176): Illuminate/Pipeline/Pipeline->then(Object(Closure))
#30 C:/Users/Rurie/Downloads/coircraft-ph-newest/coircraft/backend/vendor/laravel/framework/src/Illuminate/Foundation/Http/Kernel.php(145): Illuminate/Foundation/Http/Kernel->sendRequestThroughRouter(Object(Illuminate/Http/Request))
#31 C:/Users/Rurie/Downloads/coircraft-ph-newest/coircraft/backend/vendor/laravel/framework/src/Illuminate/Foundation/Application.php(1220): Illuminate/Foundation/Http/Kernel->handle(Object(Illuminate/Http/Request))
#32 C:/Users/Rurie/Downloads/coircraft-ph-newest/coircraft/backend/public/index.php(10): Illuminate/Foundation/Application->handleRequest(Object(Illuminate/Http/Request))
#33 C:/Users/Rurie/Downloads/coircraft-ph-newest/coircraft/backend/vendor/laravel/framework/src/Illuminate/Foundation/resources/server.php(23): require_once('C://Users//Rurie//...')
#34 {main}
"} 
[2026-03-24 09:03:58] local.ERROR: Class "App\Http\Controllers\Controller" not found {"exception":"[object] (Error(code: 0): Class \"App\\Http\\Controllers\\Controller\" not found at C:/Users/Rurie/Downloads/coircraft-ph-newest/coircraft/backend/app/Http/Controllers/Api/ProductController.php:7)
[stacktrace]
#0 C:/Users/Rurie/Downloads/coircraft-ph-newest/coircraft/backend/vendor/composer/ClassLoader.php(576): include()
#1 C:/Users/Rurie/Downloads/coircraft-ph-newest/coircraft/backend/vendor/composer/ClassLoader.php(427): Composer/Autoload/{closure}('C://Users//Rurie//...')
#2 [internal function]: Composer/Autoload/ClassLoader->loadClass('App//Http//Contro...')
#3 C:/Users/Rurie/Downloads/coircraft-ph-newest/coircraft/backend/vendor/laravel/framework/src/Illuminate/Routing/Route.php(1117): is_a('App//Http//Contro...', 'Illuminate//Rout...', true)
#4 C:/Users/Rurie/Downloads/coircraft-ph-newest/coircraft/backend/vendor/laravel/framework/src/Illuminate/Routing/Route.php(1054): Illuminate/Routing/Route->controllerMiddleware()
#5 C:/Users/Rurie/Downloads/coircraft-ph-newest/coircraft/backend/vendor/laravel/framework/src/Illuminate/Routing/Router.php(820): Illuminate/Routing/Route->gatherMiddleware()
#6 C:/Users/Rurie/Downloads/coircraft-ph-newest/coircraft/backend/vendor/laravel/framework/src/Illuminate/Routing/Router.php(802): Illuminate/Routing/Router->gatherRouteMiddleware(Object(Illuminate/Routing/Route))
#7 C:/Users/Rurie/Downloads/coircraft-ph-newest/coircraft/backend/vendor/laravel/framework/src/Illuminate/Routing/Router.php(786): Illuminate/Routing/Router->runRouteWithinStack(Object(Illuminate/Routing/Route), Object(Illuminate/Http/Request))
#8 C:/Users/Rurie/Downloads/coircraft-ph-newest/coircraft/backend/vendor/laravel/framework/src/Illuminate/Routing/Router.php(750): Illuminate/Routing/Router->runRoute(Object(Illuminate/Http/Request), Object(Illuminate/Routing/Route))
#9 C:/Users/Rurie/Downloads/coircraft-ph-newest/coircraft/backend/vendor/laravel/framework/src/Illuminate/Routing/Router.php(739): Illuminate/Routing/Router->dispatchToRoute(Object(Illuminate/Http/Request))
#10 C:/Users/Rurie/Downloads/coircraft-ph-newest/coircraft/backend/vendor/laravel/framework/src/Illuminate/Foundation/Http/Kernel.php(201): Illuminate/Routing/Router->dispatch(Object(Illuminate/Http/Request))
#11 C:/Users/Rurie/Downloads/coircraft-ph-newest/coircraft/backend/vendor/laravel/framework/src/Illuminate/Pipeline/Pipeline.php(170): Illuminate/Foundation/Http/Kernel->Illuminate/Foundation/Http/{closure}(Object(Illuminate/Http/Request))
#12 C:/Users/Rurie/Downloads/coircraft-ph-newest/coircraft/backend/vendor/laravel/framework/src/Illuminate/Foundation/Http/Middleware/TransformsRequest.php(21): Illuminate/Pipeline/Pipeline->Illuminate/Pipeline/{closure}(Object(Illuminate/Http/Request))
#13 C:/Users/Rurie/Downloads/coircraft-ph-newest/coircraft/backend/vendor/laravel/framework/src/Illuminate/Foundation/Http/Middleware/ConvertEmptyStringsToNull.php(31): Illuminate/Foundation/Http/Middleware/TransformsRequest->handle(Object(Illuminate/Http/Request), Object(Closure))
#14 C:/Users/Rurie/Downloads/coircraft-ph-newest/coircraft/backend/vendor/laravel/framework/src/Illuminate/Pipeline/Pipeline.php(209): Illuminate/Foundation/Http/Middleware/ConvertEmptyStringsToNull->handle(Object(Illuminate/Http/Request), Object(Closure))
#15 C:/Users/Rurie/Downloads/coircraft-ph-newest/coircraft/backend/vendor/laravel/framework/src/Illuminate/Foundation/Http/Middleware/TransformsRequest.php(21): Illuminate/Pipeline/Pipeline->Illuminate/Pipeline/{closure}(Object(Illuminate/Http/Request))
#16 C:/Users/Rurie/Downloads/coircraft-ph-newest/coircraft/backend/vendor/laravel/framework/src/Illuminate/Foundation/Http/Middleware/TrimStrings.php(51): Illuminate/Foundation/Http/Middleware/TransformsRequest->handle(Object(Illuminate/Http/Request), Object(Closure))
#17 C:/Users/Rurie/Downloads/coircraft-ph-newest/coircraft/backend/vendor/laravel/framework/src/Illuminate/Pipeline/Pipeline.php(209): Illuminate/Foundation/Http/Middleware/TrimStrings->handle(Object(Illuminate/Http/Request), Object(Closure))
#18 C:/Users/Rurie/Downloads/coircraft-ph-newest/coircraft/backend/vendor/laravel/framework/src/Illuminate/Http/Middleware/ValidatePostSize.php(27): Illuminate/Pipeline/Pipeline->Illuminate/Pipeline/{closure}(Object(Illuminate/Http/Request))
#19 C:/Users/Rurie/Downloads/coircraft-ph-newest/coircraft/backend/vendor/laravel/framework/src/Illuminate/Pipeline/Pipeline.php(209): Illuminate/Http/Middleware/ValidatePostSize->handle(Object(Illuminate/Http/Request), Object(Closure))
#20 C:/Users/Rurie/Downloads/coircraft-ph-newest/coircraft/backend/vendor/laravel/framework/src/Illuminate/Foundation/Http/Middleware/PreventRequestsDuringMaintenance.php(110): Illuminate/Pipeline/Pipeline->Illuminate/Pipeline/{closure}(Object(Illuminate/Http/Request))
#21 C:/Users/Rurie/Downloads/coircraft-ph-newest/coircraft/backend/vendor/laravel/framework/src/Illuminate/Pipeline/Pipeline.php(209): Illuminate/Foundation/Http/Middleware/PreventRequestsDuringMaintenance->handle(Object(Illuminate/Http/Request), Object(Closure))
#22 C:/Users/Rurie/Downloads/coircraft-ph-newest/coircraft/backend/vendor/laravel/framework/src/Illuminate/Http/Middleware/HandleCors.php(62): Illuminate/Pipeline/Pipeline->Illuminate/Pipeline/{closure}(Object(Illuminate/Http/Request))
#23 C:/Users/Rurie/Downloads/coircraft-ph-newest/coircraft/backend/vendor/laravel/framework/src/Illuminate/Pipeline/Pipeline.php(209): Illuminate/Http/Middleware/HandleCors->handle(Object(Illuminate/Http/Request), Object(Closure))
#24 C:/Users/Rurie/Downloads/coircraft-ph-newest/coircraft/backend/vendor/laravel/framework/src/Illuminate/Http/Middleware/TrustProxies.php(58): Illuminate/Pipeline/Pipeline->Illuminate/Pipeline/{closure}(Object(Illuminate/Http/Request))
#25 C:/Users/Rurie/Downloads/coircraft-ph-newest/coircraft/backend/vendor/laravel/framework/src/Illuminate/Pipeline/Pipeline.php(209): Illuminate/Http/Middleware/TrustProxies->handle(Object(Illuminate/Http/Request), Object(Closure))
#26 C:/Users/Rurie/Downloads/coircraft-ph-newest/coircraft/backend/vendor/laravel/framework/src/Illuminate/Foundation/Http/Middleware/InvokeDeferredCallbacks.php(22): Illuminate/Pipeline/Pipeline->Illuminate/Pipeline/{closure}(Object(Illuminate/Http/Request))
#27 C:/Users/Rurie/Downloads/coircraft-ph-newest/coircraft/backend/vendor/laravel/framework/src/Illuminate/Pipeline/Pipeline.php(209): Illuminate/Foundation/Http/Middleware/InvokeDeferredCallbacks->handle(Object(Illuminate/Http/Request), Object(Closure))
#28 C:/Users/Rurie/Downloads/coircraft-ph-newest/coircraft/backend/vendor/laravel/framework/src/Illuminate/Pipeline/Pipeline.php(127): Illuminate/Pipeline/Pipeline->Illuminate/Pipeline/{closure}(Object(Illuminate/Http/Request))
#29 C:/Users/Rurie/Downloads/coircraft-ph-newest/coircraft/backend/vendor/laravel/framework/src/Illuminate/Foundation/Http/Kernel.php(176): Illuminate/Pipeline/Pipeline->then(Object(Closure))
#30 C:/Users/Rurie/Downloads/coircraft-ph-newest/coircraft/backend/vendor/laravel/framework/src/Illuminate/Foundation/Http/Kernel.php(145): Illuminate/Foundation/Http/Kernel->sendRequestThroughRouter(Object(Illuminate/Http/Request))
#31 C:/Users/Rurie/Downloads/coircraft-ph-newest/coircraft/backend/vendor/laravel/framework/src/Illuminate/Foundation/Application.php(1220): Illuminate/Foundation/Http/Kernel->handle(Object(Illuminate/Http/Request))
#32 C:/Users/Rurie/Downloads/coircraft-ph-newest/coircraft/backend/public/index.php(10): Illuminate/Foundation/Application->handleRequest(Object(Illuminate/Http/Request))
#33 C:/Users/Rurie/Downloads/coircraft-ph-newest/coircraft/backend/vendor/laravel/framework/src/Illuminate/Foundation/resources/server.php(23): require_once('C://Users//Rurie//...')
#34 {main}
"} 
[2026-03-24 09:04:34] local.ERROR: Class "App\Http\Controllers\Controller" not found {"exception":"[object] (Error(code: 0): Class \"App\\Http\\Controllers\\Controller\" not found at C:/Users/Rurie/Downloads/coircraft-ph-newest/coircraft/backend/app/Http/Controllers/Api/SellerAuthController.php:9)
[stacktrace]
#0 C:/Users/Rurie/Downloads/coircraft-ph-newest/coircraft/backend/vendor/composer/ClassLoader.php(576): include()
#1 C:/Users/Rurie/Downloads/coircraft-ph-newest/coircraft/backend/vendor/composer/ClassLoader.php(427): Composer/Autoload/{closure}('C://Users//Rurie//...')
#2 [internal function]: Composer/Autoload/ClassLoader->loadClass('App//Http//Contro...')
#3 C:/Users/Rurie/Downloads/coircraft-ph-newest/coircraft/backend/vendor/laravel/framework/src/Illuminate/Routing/Route.php(1117): is_a('App//Http//Contro...', 'Illuminate//Rout...', true)
#4 C:/Users/Rurie/Downloads/coircraft-ph-newest/coircraft/backend/vendor/laravel/framework/src/Illuminate/Routing/Route.php(1054): Illuminate/Routing/Route->controllerMiddleware()
#5 C:/Users/Rurie/Downloads/coircraft-ph-newest/coircraft/backend/vendor/laravel/framework/src/Illuminate/Routing/Router.php(820): Illuminate/Routing/Route->gatherMiddleware()
#6 C:/Users/Rurie/Downloads/coircraft-ph-newest/coircraft/backend/vendor/laravel/framework/src/Illuminate/Routing/Router.php(802): Illuminate/Routing/Router->gatherRouteMiddleware(Object(Illuminate/Routing/Route))
#7 C:/Users/Rurie/Downloads/coircraft-ph-newest/coircraft/backend/vendor/laravel/framework/src/Illuminate/Routing/Router.php(786): Illuminate/Routing/Router->runRouteWithinStack(Object(Illuminate/Routing/Route), Object(Illuminate/Http/Request))
#8 C:/Users/Rurie/Downloads/coircraft-ph-newest/coircraft/backend/vendor/laravel/framework/src/Illuminate/Routing/Router.php(750): Illuminate/Routing/Router->runRoute(Object(Illuminate/Http/Request), Object(Illuminate/Routing/Route))
#9 C:/Users/Rurie/Downloads/coircraft-ph-newest/coircraft/backend/vendor/laravel/framework/src/Illuminate/Routing/Router.php(739): Illuminate/Routing/Router->dispatchToRoute(Object(Illuminate/Http/Request))
#10 C:/Users/Rurie/Downloads/coircraft-ph-newest/coircraft/backend/vendor/laravel/framework/src/Illuminate/Foundation/Http/Kernel.php(201): Illuminate/Routing/Router->dispatch(Object(Illuminate/Http/Request))
#11 C:/Users/Rurie/Downloads/coircraft-ph-newest/coircraft/backend/vendor/laravel/framework/src/Illuminate/Pipeline/Pipeline.php(170): Illuminate/Foundation/Http/Kernel->Illuminate/Foundation/Http/{closure}(Object(Illuminate/Http/Request))
#12 C:/Users/Rurie/Downloads/coircraft-ph-newest/coircraft/backend/vendor/laravel/framework/src/Illuminate/Foundation/Http/Middleware/TransformsRequest.php(21): Illuminate/Pipeline/Pipeline->Illuminate/Pipeline/{closure}(Object(Illuminate/Http/Request))
#13 C:/Users/Rurie/Downloads/coircraft-ph-newest/coircraft/backend/vendor/laravel/framework/src/Illuminate/Foundation/Http/Middleware/ConvertEmptyStringsToNull.php(31): Illuminate/Foundation/Http/Middleware/TransformsRequest->handle(Object(Illuminate/Http/Request), Object(Closure))
#14 C:/Users/Rurie/Downloads/coircraft-ph-newest/coircraft/backend/vendor/laravel/framework/src/Illuminate/Pipeline/Pipeline.php(209): Illuminate/Foundation/Http/Middleware/ConvertEmptyStringsToNull->handle(Object(Illuminate/Http/Request), Object(Closure))
#15 C:/Users/Rurie/Downloads/coircraft-ph-newest/coircraft/backend/vendor/laravel/framework/src/Illuminate/Foundation/Http/Middleware/TransformsRequest.php(21): Illuminate/Pipeline/Pipeline->Illuminate/Pipeline/{closure}(Object(Illuminate/Http/Request))
#16 C:/Users/Rurie/Downloads/coircraft-ph-newest/coircraft/backend/vendor/laravel/framework/src/Illuminate/Foundation/Http/Middleware/TrimStrings.php(51): Illuminate/Foundation/Http/Middleware/TransformsRequest->handle(Object(Illuminate/Http/Request), Object(Closure))
#17 C:/Users/Rurie/Downloads/coircraft-ph-newest/coircraft/backend/vendor/laravel/framework/src/Illuminate/Pipeline/Pipeline.php(209): Illuminate/Foundation/Http/Middleware/TrimStrings->handle(Object(Illuminate/Http/Request), Object(Closure))
#18 C:/Users/Rurie/Downloads/coircraft-ph-newest/coircraft/backend/vendor/laravel/framework/src/Illuminate/Http/Middleware/ValidatePostSize.php(27): Illuminate/Pipeline/Pipeline->Illuminate/Pipeline/{closure}(Object(Illuminate/Http/Request))
#19 C:/Users/Rurie/Downloads/coircraft-ph-newest/coircraft/backend/vendor/laravel/framework/src/Illuminate/Pipeline/Pipeline.php(209): Illuminate/Http/Middleware/ValidatePostSize->handle(Object(Illuminate/Http/Request), Object(Closure))
#20 C:/Users/Rurie/Downloads/coircraft-ph-newest/coircraft/backend/vendor/laravel/framework/src/Illuminate/Foundation/Http/Middleware/PreventRequestsDuringMaintenance.php(110): Illuminate/Pipeline/Pipeline->Illuminate/Pipeline/{closure}(Object(Illuminate/Http/Request))
#21 C:/Users/Rurie/Downloads/coircraft-ph-newest/coircraft/backend/vendor/laravel/framework/src/Illuminate/Pipeline/Pipeline.php(209): Illuminate/Foundation/Http/Middleware/PreventRequestsDuringMaintenance->handle(Object(Illuminate/Http/Request), Object(Closure))
#22 C:/Users/Rurie/Downloads/coircraft-ph-newest/coircraft/backend/vendor/laravel/framework/src/Illuminate/Http/Middleware/HandleCors.php(62): Illuminate/Pipeline/Pipeline->Illuminate/Pipeline/{closure}(Object(Illuminate/Http/Request))
#23 C:/Users/Rurie/Downloads/coircraft-ph-newest/coircraft/backend/vendor/laravel/framework/src/Illuminate/Pipeline/Pipeline.php(209): Illuminate/Http/Middleware/HandleCors->handle(Object(Illuminate/Http/Request), Object(Closure))
#24 C:/Users/Rurie/Downloads/coircraft-ph-newest/coircraft/backend/vendor/laravel/framework/src/Illuminate/Http/Middleware/TrustProxies.php(58): Illuminate/Pipeline/Pipeline->Illuminate/Pipeline/{closure}(Object(Illuminate/Http/Request))
#25 C:/Users/Rurie/Downloads/coircraft-ph-newest/coircraft/backend/vendor/laravel/framework/src/Illuminate/Pipeline/Pipeline.php(209): Illuminate/Http/Middleware/TrustProxies->handle(Object(Illuminate/Http/Request), Object(Closure))
#26 C:/Users/Rurie/Downloads/coircraft-ph-newest/coircraft/backend/vendor/laravel/framework/src/Illuminate/Foundation/Http/Middleware/InvokeDeferredCallbacks.php(22): Illuminate/Pipeline/Pipeline->Illuminate/Pipeline/{closure}(Object(Illuminate/Http/Request))
#27 C:/Users/Rurie/Downloads/coircraft-ph-newest/coircraft/backend/vendor/laravel/framework/src/Illuminate/Pipeline/Pipeline.php(209): Illuminate/Foundation/Http/Middleware/InvokeDeferredCallbacks->handle(Object(Illuminate/Http/Request), Object(Closure))
#28 C:/Users/Rurie/Downloads/coircraft-ph-newest/coircraft/backend/vendor/laravel/framework/src/Illuminate/Pipeline/Pipeline.php(127): Illuminate/Pipeline/Pipeline->Illuminate/Pipeline/{closure}(Object(Illuminate/Http/Request))
#29 C:/Users/Rurie/Downloads/coircraft-ph-newest/coircraft/backend/vendor/laravel/framework/src/Illuminate/Foundation/Http/Kernel.php(176): Illuminate/Pipeline/Pipeline->then(Object(Closure))
#30 C:/Users/Rurie/Downloads/coircraft-ph-newest/coircraft/backend/vendor/laravel/framework/src/Illuminate/Foundation/Http/Kernel.php(145): Illuminate/Foundation/Http/Kernel->sendRequestThroughRouter(Object(Illuminate/Http/Request))
#31 C:/Users/Rurie/Downloads/coircraft-ph-newest/coircraft/backend/vendor/laravel/framework/src/Illuminate/Foundation/Application.php(1220): Illuminate/Foundation/Http/Kernel->handle(Object(Illuminate/Http/Request))
#32 C:/Users/Rurie/Downloads/coircraft-ph-newest/coircraft/backend/public/index.php(10): Illuminate/Foundation/Application->handleRequest(Object(Illuminate/Http/Request))
#33 C:/Users/Rurie/Downloads/coircraft-ph-newest/coircraft/backend/vendor/laravel/framework/src/Illuminate/Foundation/resources/server.php(23): require_once('C://Users//Rurie//...')
#34 {main}
"} 
[2026-03-24 09:04:34] local.ERROR: Class "App\Http\Controllers\Controller" not found {"exception":"[object] (Error(code: 0): Class \"App\\Http\\Controllers\\Controller\" not found at C:/Users/Rurie/Downloads/coircraft-ph-newest/coircraft/backend/app/Http/Controllers/Api/SellerAuthController.php:9)
[stacktrace]
#0 C:/Users/Rurie/Downloads/coircraft-ph-newest/coircraft/backend/vendor/composer/ClassLoader.php(576): include()
#1 C:/Users/Rurie/Downloads/coircraft-ph-newest/coircraft/backend/vendor/composer/ClassLoader.php(427): Composer/Autoload/{closure}('C://Users//Rurie//...')
#2 [internal function]: Composer/Autoload/ClassLoader->loadClass('App//Http//Contro...')
#3 C:/Users/Rurie/Downloads/coircraft-ph-newest/coircraft/backend/vendor/laravel/framework/src/Illuminate/Routing/Route.php(1117): is_a('App//Http//Contro...', 'Illuminate//Rout...', true)
#4 C:/Users/Rurie/Downloads/coircraft-ph-newest/coircraft/backend/vendor/laravel/framework/src/Illuminate/Routing/Route.php(1054): Illuminate/Routing/Route->controllerMiddleware()
#5 C:/Users/Rurie/Downloads/coircraft-ph-newest/coircraft/backend/vendor/laravel/framework/src/Illuminate/Routing/Router.php(820): Illuminate/Routing/Route->gatherMiddleware()
#6 C:/Users/Rurie/Downloads/coircraft-ph-newest/coircraft/backend/vendor/laravel/framework/src/Illuminate/Routing/Router.php(802): Illuminate/Routing/Router->gatherRouteMiddleware(Object(Illuminate/Routing/Route))
#7 C:/Users/Rurie/Downloads/coircraft-ph-newest/coircraft/backend/vendor/laravel/framework/src/Illuminate/Routing/Router.php(786): Illuminate/Routing/Router->runRouteWithinStack(Object(Illuminate/Routing/Route), Object(Illuminate/Http/Request))
#8 C:/Users/Rurie/Downloads/coircraft-ph-newest/coircraft/backend/vendor/laravel/framework/src/Illuminate/Routing/Router.php(750): Illuminate/Routing/Router->runRoute(Object(Illuminate/Http/Request), Object(Illuminate/Routing/Route))
#9 C:/Users/Rurie/Downloads/coircraft-ph-newest/coircraft/backend/vendor/laravel/framework/src/Illuminate/Routing/Router.php(739): Illuminate/Routing/Router->dispatchToRoute(Object(Illuminate/Http/Request))
#10 C:/Users/Rurie/Downloads/coircraft-ph-newest/coircraft/backend/vendor/laravel/framework/src/Illuminate/Foundation/Http/Kernel.php(201): Illuminate/Routing/Router->dispatch(Object(Illuminate/Http/Request))
#11 C:/Users/Rurie/Downloads/coircraft-ph-newest/coircraft/backend/vendor/laravel/framework/src/Illuminate/Pipeline/Pipeline.php(170): Illuminate/Foundation/Http/Kernel->Illuminate/Foundation/Http/{closure}(Object(Illuminate/Http/Request))
#12 C:/Users/Rurie/Downloads/coircraft-ph-newest/coircraft/backend/vendor/laravel/framework/src/Illuminate/Foundation/Http/Middleware/TransformsRequest.php(21): Illuminate/Pipeline/Pipeline->Illuminate/Pipeline/{closure}(Object(Illuminate/Http/Request))
#13 C:/Users/Rurie/Downloads/coircraft-ph-newest/coircraft/backend/vendor/laravel/framework/src/Illuminate/Foundation/Http/Middleware/ConvertEmptyStringsToNull.php(31): Illuminate/Foundation/Http/Middleware/TransformsRequest->handle(Object(Illuminate/Http/Request), Object(Closure))
#14 C:/Users/Rurie/Downloads/coircraft-ph-newest/coircraft/backend/vendor/laravel/framework/src/Illuminate/Pipeline/Pipeline.php(209): Illuminate/Foundation/Http/Middleware/ConvertEmptyStringsToNull->handle(Object(Illuminate/Http/Request), Object(Closure))
#15 C:/Users/Rurie/Downloads/coircraft-ph-newest/coircraft/backend/vendor/laravel/framework/src/Illuminate/Foundation/Http/Middleware/TransformsRequest.php(21): Illuminate/Pipeline/Pipeline->Illuminate/Pipeline/{closure}(Object(Illuminate/Http/Request))
#16 C:/Users/Rurie/Downloads/coircraft-ph-newest/coircraft/backend/vendor/laravel/framework/src/Illuminate/Foundation/Http/Middleware/TrimStrings.php(51): Illuminate/Foundation/Http/Middleware/TransformsRequest->handle(Object(Illuminate/Http/Request), Object(Closure))
#17 C:/Users/Rurie/Downloads/coircraft-ph-newest/coircraft/backend/vendor/laravel/framework/src/Illuminate/Pipeline/Pipeline.php(209): Illuminate/Foundation/Http/Middleware/TrimStrings->handle(Object(Illuminate/Http/Request), Object(Closure))
#18 C:/Users/Rurie/Downloads/coircraft-ph-newest/coircraft/backend/vendor/laravel/framework/src/Illuminate/Http/Middleware/ValidatePostSize.php(27): Illuminate/Pipeline/Pipeline->Illuminate/Pipeline/{closure}(Object(Illuminate/Http/Request))
#19 C:/Users/Rurie/Downloads/coircraft-ph-newest/coircraft/backend/vendor/laravel/framework/src/Illuminate/Pipeline/Pipeline.php(209): Illuminate/Http/Middleware/ValidatePostSize->handle(Object(Illuminate/Http/Request), Object(Closure))
#20 C:/Users/Rurie/Downloads/coircraft-ph-newest/coircraft/backend/vendor/laravel/framework/src/Illuminate/Foundation/Http/Middleware/PreventRequestsDuringMaintenance.php(110): Illuminate/Pipeline/Pipeline->Illuminate/Pipeline/{closure}(Object(Illuminate/Http/Request))
#21 C:/Users/Rurie/Downloads/coircraft-ph-newest/coircraft/backend/vendor/laravel/framework/src/Illuminate/Pipeline/Pipeline.php(209): Illuminate/Foundation/Http/Middleware/PreventRequestsDuringMaintenance->handle(Object(Illuminate/Http/Request), Object(Closure))
#22 C:/Users/Rurie/Downloads/coircraft-ph-newest/coircraft/backend/vendor/laravel/framework/src/Illuminate/Http/Middleware/HandleCors.php(62): Illuminate/Pipeline/Pipeline->Illuminate/Pipeline/{closure}(Object(Illuminate/Http/Request))
#23 C:/Users/Rurie/Downloads/coircraft-ph-newest/coircraft/backend/vendor/laravel/framework/src/Illuminate/Pipeline/Pipeline.php(209): Illuminate/Http/Middleware/HandleCors->handle(Object(Illuminate/Http/Request), Object(Closure))
#24 C:/Users/Rurie/Downloads/coircraft-ph-newest/coircraft/backend/vendor/laravel/framework/src/Illuminate/Http/Middleware/TrustProxies.php(58): Illuminate/Pipeline/Pipeline->Illuminate/Pipeline/{closure}(Object(Illuminate/Http/Request))
#25 C:/Users/Rurie/Downloads/coircraft-ph-newest/coircraft/backend/vendor/laravel/framework/src/Illuminate/Pipeline/Pipeline.php(209): Illuminate/Http/Middleware/TrustProxies->handle(Object(Illuminate/Http/Request), Object(Closure))
#26 C:/Users/Rurie/Downloads/coircraft-ph-newest/coircraft/backend/vendor/laravel/framework/src/Illuminate/Foundation/Http/Middleware/InvokeDeferredCallbacks.php(22): Illuminate/Pipeline/Pipeline->Illuminate/Pipeline/{closure}(Object(Illuminate/Http/Request))
#27 C:/Users/Rurie/Downloads/coircraft-ph-newest/coircraft/backend/vendor/laravel/framework/src/Illuminate/Pipeline/Pipeline.php(209): Illuminate/Foundation/Http/Middleware/InvokeDeferredCallbacks->handle(Object(Illuminate/Http/Request), Object(Closure))
#28 C:/Users/Rurie/Downloads/coircraft-ph-newest/coircraft/backend/vendor/laravel/framework/src/Illuminate/Pipeline/Pipeline.php(127): Illuminate/Pipeline/Pipeline->Illuminate/Pipeline/{closure}(Object(Illuminate/Http/Request))
#29 C:/Users/Rurie/Downloads/coircraft-ph-newest/coircraft/backend/vendor/laravel/framework/src/Illuminate/Foundation/Http/Kernel.php(176): Illuminate/Pipeline/Pipeline->then(Object(Closure))
#30 C:/Users/Rurie/Downloads/coircraft-ph-newest/coircraft/backend/vendor/laravel/framework/src/Illuminate/Foundation/Http/Kernel.php(145): Illuminate/Foundation/Http/Kernel->sendRequestThroughRouter(Object(Illuminate/Http/Request))
#31 C:/Users/Rurie/Downloads/coircraft-ph-newest/coircraft/backend/vendor/laravel/framework/src/Illuminate/Foundation/Application.php(1220): Illuminate/Foundation/Http/Kernel->handle(Object(Illuminate/Http/Request))
#32 C:/Users/Rurie/Downloads/coircraft-ph-newest/coircraft/backend/public/index.php(10): Illuminate/Foundation/Application->handleRequest(Object(Illuminate/Http/Request))
#33 C:/Users/Rurie/Downloads/coircraft-ph-newest/coircraft/backend/vendor/laravel/framework/src/Illuminate/Foundation/resources/server.php(23): require_once('C://Users//Rurie//...')
#34 {main}
"} 
[2026-03-24 09:04:42] local.ERROR: Class "App\Http\Controllers\Controller" not found {"exception":"[object] (Error(code: 0): Class \"App\\Http\\Controllers\\Controller\" not found at C:/Users/Rurie/Downloads/coircraft-ph-newest/coircraft/backend/app/Http/Controllers/Api/ProductController.php:7)
[stacktrace]
#0 C:/Users/Rurie/Downloads/coircraft-ph-newest/coircraft/backend/vendor/composer/ClassLoader.php(576): include()
#1 C:/Users/Rurie/Downloads/coircraft-ph-newest/coircraft/backend/vendor/composer/ClassLoader.php(427): Composer/Autoload/{closure}('C://Users//Rurie//...')
#2 [internal function]: Composer/Autoload/ClassLoader->loadClass('App//Http//Contro...')
#3 C:/Users/Rurie/Downloads/coircraft-ph-newest/coircraft/backend/vendor/laravel/framework/src/Illuminate/Routing/Route.php(1117): is_a('App//Http//Contro...', 'Illuminate//Rout...', true)
#4 C:/Users/Rurie/Downloads/coircraft-ph-newest/coircraft/backend/vendor/laravel/framework/src/Illuminate/Routing/Route.php(1054): Illuminate/Routing/Route->controllerMiddleware()
#5 C:/Users/Rurie/Downloads/coircraft-ph-newest/coircraft/backend/vendor/laravel/framework/src/Illuminate/Routing/Router.php(820): Illuminate/Routing/Route->gatherMiddleware()
#6 C:/Users/Rurie/Downloads/coircraft-ph-newest/coircraft/backend/vendor/laravel/framework/src/Illuminate/Routing/Router.php(802): Illuminate/Routing/Router->gatherRouteMiddleware(Object(Illuminate/Routing/Route))
#7 C:/Users/Rurie/Downloads/coircraft-ph-newest/coircraft/backend/vendor/laravel/framework/src/Illuminate/Routing/Router.php(786): Illuminate/Routing/Router->runRouteWithinStack(Object(Illuminate/Routing/Route), Object(Illuminate/Http/Request))
#8 C:/Users/Rurie/Downloads/coircraft-ph-newest/coircraft/backend/vendor/laravel/framework/src/Illuminate/Routing/Router.php(750): Illuminate/Routing/Router->runRoute(Object(Illuminate/Http/Request), Object(Illuminate/Routing/Route))
#9 C:/Users/Rurie/Downloads/coircraft-ph-newest/coircraft/backend/vendor/laravel/framework/src/Illuminate/Routing/Router.php(739): Illuminate/Routing/Router->dispatchToRoute(Object(Illuminate/Http/Request))
#10 C:/Users/Rurie/Downloads/coircraft-ph-newest/coircraft/backend/vendor/laravel/framework/src/Illuminate/Foundation/Http/Kernel.php(201): Illuminate/Routing/Router->dispatch(Object(Illuminate/Http/Request))
#11 C:/Users/Rurie/Downloads/coircraft-ph-newest/coircraft/backend/vendor/laravel/framework/src/Illuminate/Pipeline/Pipeline.php(170): Illuminate/Foundation/Http/Kernel->Illuminate/Foundation/Http/{closure}(Object(Illuminate/Http/Request))
#12 C:/Users/Rurie/Downloads/coircraft-ph-newest/coircraft/backend/vendor/laravel/framework/src/Illuminate/Foundation/Http/Middleware/TransformsRequest.php(21): Illuminate/Pipeline/Pipeline->Illuminate/Pipeline/{closure}(Object(Illuminate/Http/Request))
#13 C:/Users/Rurie/Downloads/coircraft-ph-newest/coircraft/backend/vendor/laravel/framework/src/Illuminate/Foundation/Http/Middleware/ConvertEmptyStringsToNull.php(31): Illuminate/Foundation/Http/Middleware/TransformsRequest->handle(Object(Illuminate/Http/Request), Object(Closure))
#14 C:/Users/Rurie/Downloads/coircraft-ph-newest/coircraft/backend/vendor/laravel/framework/src/Illuminate/Pipeline/Pipeline.php(209): Illuminate/Foundation/Http/Middleware/ConvertEmptyStringsToNull->handle(Object(Illuminate/Http/Request), Object(Closure))
#15 C:/Users/Rurie/Downloads/coircraft-ph-newest/coircraft/backend/vendor/laravel/framework/src/Illuminate/Foundation/Http/Middleware/TransformsRequest.php(21): Illuminate/Pipeline/Pipeline->Illuminate/Pipeline/{closure}(Object(Illuminate/Http/Request))
#16 C:/Users/Rurie/Downloads/coircraft-ph-newest/coircraft/backend/vendor/laravel/framework/src/Illuminate/Foundation/Http/Middleware/TrimStrings.php(51): Illuminate/Foundation/Http/Middleware/TransformsRequest->handle(Object(Illuminate/Http/Request), Object(Closure))
#17 C:/Users/Rurie/Downloads/coircraft-ph-newest/coircraft/backend/vendor/laravel/framework/src/Illuminate/Pipeline/Pipeline.php(209): Illuminate/Foundation/Http/Middleware/TrimStrings->handle(Object(Illuminate/Http/Request), Object(Closure))
#18 C:/Users/Rurie/Downloads/coircraft-ph-newest/coircraft/backend/vendor/laravel/framework/src/Illuminate/Http/Middleware/ValidatePostSize.php(27): Illuminate/Pipeline/Pipeline->Illuminate/Pipeline/{closure}(Object(Illuminate/Http/Request))
#19 C:/Users/Rurie/Downloads/coircraft-ph-newest/coircraft/backend/vendor/laravel/framework/src/Illuminate/Pipeline/Pipeline.php(209): Illuminate/Http/Middleware/ValidatePostSize->handle(Object(Illuminate/Http/Request), Object(Closure))
#20 C:/Users/Rurie/Downloads/coircraft-ph-newest/coircraft/backend/vendor/laravel/framework/src/Illuminate/Foundation/Http/Middleware/PreventRequestsDuringMaintenance.php(110): Illuminate/Pipeline/Pipeline->Illuminate/Pipeline/{closure}(Object(Illuminate/Http/Request))
#21 C:/Users/Rurie/Downloads/coircraft-ph-newest/coircraft/backend/vendor/laravel/framework/src/Illuminate/Pipeline/Pipeline.php(209): Illuminate/Foundation/Http/Middleware/PreventRequestsDuringMaintenance->handle(Object(Illuminate/Http/Request), Object(Closure))
#22 C:/Users/Rurie/Downloads/coircraft-ph-newest/coircraft/backend/vendor/laravel/framework/src/Illuminate/Http/Middleware/HandleCors.php(62): Illuminate/Pipeline/Pipeline->Illuminate/Pipeline/{closure}(Object(Illuminate/Http/Request))
#23 C:/Users/Rurie/Downloads/coircraft-ph-newest/coircraft/backend/vendor/laravel/framework/src/Illuminate/Pipeline/Pipeline.php(209): Illuminate/Http/Middleware/HandleCors->handle(Object(Illuminate/Http/Request), Object(Closure))
#24 C:/Users/Rurie/Downloads/coircraft-ph-newest/coircraft/backend/vendor/laravel/framework/src/Illuminate/Http/Middleware/TrustProxies.php(58): Illuminate/Pipeline/Pipeline->Illuminate/Pipeline/{closure}(Object(Illuminate/Http/Request))
#25 C:/Users/Rurie/Downloads/coircraft-ph-newest/coircraft/backend/vendor/laravel/framework/src/Illuminate/Pipeline/Pipeline.php(209): Illuminate/Http/Middleware/TrustProxies->handle(Object(Illuminate/Http/Request), Object(Closure))
#26 C:/Users/Rurie/Downloads/coircraft-ph-newest/coircraft/backend/vendor/laravel/framework/src/Illuminate/Foundation/Http/Middleware/InvokeDeferredCallbacks.php(22): Illuminate/Pipeline/Pipeline->Illuminate/Pipeline/{closure}(Object(Illuminate/Http/Request))
#27 C:/Users/Rurie/Downloads/coircraft-ph-newest/coircraft/backend/vendor/laravel/framework/src/Illuminate/Pipeline/Pipeline.php(209): Illuminate/Foundation/Http/Middleware/InvokeDeferredCallbacks->handle(Object(Illuminate/Http/Request), Object(Closure))
#28 C:/Users/Rurie/Downloads/coircraft-ph-newest/coircraft/backend/vendor/laravel/framework/src/Illuminate/Pipeline/Pipeline.php(127): Illuminate/Pipeline/Pipeline->Illuminate/Pipeline/{closure}(Object(Illuminate/Http/Request))
#29 C:/Users/Rurie/Downloads/coircraft-ph-newest/coircraft/backend/vendor/laravel/framework/src/Illuminate/Foundation/Http/Kernel.php(176): Illuminate/Pipeline/Pipeline->then(Object(Closure))
#30 C:/Users/Rurie/Downloads/coircraft-ph-newest/coircraft/backend/vendor/laravel/framework/src/Illuminate/Foundation/Http/Kernel.php(145): Illuminate/Foundation/Http/Kernel->sendRequestThroughRouter(Object(Illuminate/Http/Request))
#31 C:/Users/Rurie/Downloads/coircraft-ph-newest/coircraft/backend/vendor/laravel/framework/src/Illuminate/Foundation/Application.php(1220): Illuminate/Foundation/Http/Kernel->handle(Object(Illuminate/Http/Request))
#32 C:/Users/Rurie/Downloads/coircraft-ph-newest/coircraft/backend/public/index.php(10): Illuminate/Foundation/Application->handleRequest(Object(Illuminate/Http/Request))
#33 C:/Users/Rurie/Downloads/coircraft-ph-newest/coircraft/backend/vendor/laravel/framework/src/Illuminate/Foundation/resources/server.php(23): require_once('C://Users//Rurie//...')
#34 {main}
"} 
[2026-03-24 09:04:43] local.ERROR: Class "App\Http\Controllers\Controller" not found {"exception":"[object] (Error(code: 0): Class \"App\\Http\\Controllers\\Controller\" not found at C:/Users/Rurie/Downloads/coircraft-ph-newest/coircraft/backend/app/Http/Controllers/Api/ProductController.php:7)
[stacktrace]
#0 C:/Users/Rurie/Downloads/coircraft-ph-newest/coircraft/backend/vendor/composer/ClassLoader.php(576): include()
#1 C:/Users/Rurie/Downloads/coircraft-ph-newest/coircraft/backend/vendor/composer/ClassLoader.php(427): Composer/Autoload/{closure}('C://Users//Rurie//...')
#2 [internal function]: Composer/Autoload/ClassLoader->loadClass('App//Http//Contro...')
#3 C:/Users/Rurie/Downloads/coircraft-ph-newest/coircraft/backend/vendor/laravel/framework/src/Illuminate/Routing/Route.php(1117): is_a('App//Http//Contro...', 'Illuminate//Rout...', true)
#4 C:/Users/Rurie/Downloads/coircraft-ph-newest/coircraft/backend/vendor/laravel/framework/src/Illuminate/Routing/Route.php(1054): Illuminate/Routing/Route->controllerMiddleware()
#5 C:/Users/Rurie/Downloads/coircraft-ph-newest/coircraft/backend/vendor/laravel/framework/src/Illuminate/Routing/Router.php(820): Illuminate/Routing/Route->gatherMiddleware()
#6 C:/Users/Rurie/Downloads/coircraft-ph-newest/coircraft/backend/vendor/laravel/framework/src/Illuminate/Routing/Router.php(802): Illuminate/Routing/Router->gatherRouteMiddleware(Object(Illuminate/Routing/Route))
#7 C:/Users/Rurie/Downloads/coircraft-ph-newest/coircraft/backend/vendor/laravel/framework/src/Illuminate/Routing/Router.php(786): Illuminate/Routing/Router->runRouteWithinStack(Object(Illuminate/Routing/Route), Object(Illuminate/Http/Request))
#8 C:/Users/Rurie/Downloads/coircraft-ph-newest/coircraft/backend/vendor/laravel/framework/src/Illuminate/Routing/Router.php(750): Illuminate/Routing/Router->runRoute(Object(Illuminate/Http/Request), Object(Illuminate/Routing/Route))
#9 C:/Users/Rurie/Downloads/coircraft-ph-newest/coircraft/backend/vendor/laravel/framework/src/Illuminate/Routing/Router.php(739): Illuminate/Routing/Router->dispatchToRoute(Object(Illuminate/Http/Request))
#10 C:/Users/Rurie/Downloads/coircraft-ph-newest/coircraft/backend/vendor/laravel/framework/src/Illuminate/Foundation/Http/Kernel.php(201): Illuminate/Routing/Router->dispatch(Object(Illuminate/Http/Request))
#11 C:/Users/Rurie/Downloads/coircraft-ph-newest/coircraft/backend/vendor/laravel/framework/src/Illuminate/Pipeline/Pipeline.php(170): Illuminate/Foundation/Http/Kernel->Illuminate/Foundation/Http/{closure}(Object(Illuminate/Http/Request))
#12 C:/Users/Rurie/Downloads/coircraft-ph-newest/coircraft/backend/vendor/laravel/framework/src/Illuminate/Foundation/Http/Middleware/TransformsRequest.php(21): Illuminate/Pipeline/Pipeline->Illuminate/Pipeline/{closure}(Object(Illuminate/Http/Request))
#13 C:/Users/Rurie/Downloads/coircraft-ph-newest/coircraft/backend/vendor/laravel/framework/src/Illuminate/Foundation/Http/Middleware/ConvertEmptyStringsToNull.php(31): Illuminate/Foundation/Http/Middleware/TransformsRequest->handle(Object(Illuminate/Http/Request), Object(Closure))
#14 C:/Users/Rurie/Downloads/coircraft-ph-newest/coircraft/backend/vendor/laravel/framework/src/Illuminate/Pipeline/Pipeline.php(209): Illuminate/Foundation/Http/Middleware/ConvertEmptyStringsToNull->handle(Object(Illuminate/Http/Request), Object(Closure))
#15 C:/Users/Rurie/Downloads/coircraft-ph-newest/coircraft/backend/vendor/laravel/framework/src/Illuminate/Foundation/Http/Middleware/TransformsRequest.php(21): Illuminate/Pipeline/Pipeline->Illuminate/Pipeline/{closure}(Object(Illuminate/Http/Request))
#16 C:/Users/Rurie/Downloads/coircraft-ph-newest/coircraft/backend/vendor/laravel/framework/src/Illuminate/Foundation/Http/Middleware/TrimStrings.php(51): Illuminate/Foundation/Http/Middleware/TransformsRequest->handle(Object(Illuminate/Http/Request), Object(Closure))
#17 C:/Users/Rurie/Downloads/coircraft-ph-newest/coircraft/backend/vendor/laravel/framework/src/Illuminate/Pipeline/Pipeline.php(209): Illuminate/Foundation/Http/Middleware/TrimStrings->handle(Object(Illuminate/Http/Request), Object(Closure))
#18 C:/Users/Rurie/Downloads/coircraft-ph-newest/coircraft/backend/vendor/laravel/framework/src/Illuminate/Http/Middleware/ValidatePostSize.php(27): Illuminate/Pipeline/Pipeline->Illuminate/Pipeline/{closure}(Object(Illuminate/Http/Request))
#19 C:/Users/Rurie/Downloads/coircraft-ph-newest/coircraft/backend/vendor/laravel/framework/src/Illuminate/Pipeline/Pipeline.php(209): Illuminate/Http/Middleware/ValidatePostSize->handle(Object(Illuminate/Http/Request), Object(Closure))
#20 C:/Users/Rurie/Downloads/coircraft-ph-newest/coircraft/backend/vendor/laravel/framework/src/Illuminate/Foundation/Http/Middleware/PreventRequestsDuringMaintenance.php(110): Illuminate/Pipeline/Pipeline->Illuminate/Pipeline/{closure}(Object(Illuminate/Http/Request))
#21 C:/Users/Rurie/Downloads/coircraft-ph-newest/coircraft/backend/vendor/laravel/framework/src/Illuminate/Pipeline/Pipeline.php(209): Illuminate/Foundation/Http/Middleware/PreventRequestsDuringMaintenance->handle(Object(Illuminate/Http/Request), Object(Closure))
#22 C:/Users/Rurie/Downloads/coircraft-ph-newest/coircraft/backend/vendor/laravel/framework/src/Illuminate/Http/Middleware/HandleCors.php(62): Illuminate/Pipeline/Pipeline->Illuminate/Pipeline/{closure}(Object(Illuminate/Http/Request))
#23 C:/Users/Rurie/Downloads/coircraft-ph-newest/coircraft/backend/vendor/laravel/framework/src/Illuminate/Pipeline/Pipeline.php(209): Illuminate/Http/Middleware/HandleCors->handle(Object(Illuminate/Http/Request), Object(Closure))
#24 C:/Users/Rurie/Downloads/coircraft-ph-newest/coircraft/backend/vendor/laravel/framework/src/Illuminate/Http/Middleware/TrustProxies.php(58): Illuminate/Pipeline/Pipeline->Illuminate/Pipeline/{closure}(Object(Illuminate/Http/Request))
#25 C:/Users/Rurie/Downloads/coircraft-ph-newest/coircraft/backend/vendor/laravel/framework/src/Illuminate/Pipeline/Pipeline.php(209): Illuminate/Http/Middleware/TrustProxies->handle(Object(Illuminate/Http/Request), Object(Closure))
#26 C:/Users/Rurie/Downloads/coircraft-ph-newest/coircraft/backend/vendor/laravel/framework/src/Illuminate/Foundation/Http/Middleware/InvokeDeferredCallbacks.php(22): Illuminate/Pipeline/Pipeline->Illuminate/Pipeline/{closure}(Object(Illuminate/Http/Request))
#27 C:/Users/Rurie/Downloads/coircraft-ph-newest/coircraft/backend/vendor/laravel/framework/src/Illuminate/Pipeline/Pipeline.php(209): Illuminate/Foundation/Http/Middleware/InvokeDeferredCallbacks->handle(Object(Illuminate/Http/Request), Object(Closure))
#28 C:/Users/Rurie/Downloads/coircraft-ph-newest/coircraft/backend/vendor/laravel/framework/src/Illuminate/Pipeline/Pipeline.php(127): Illuminate/Pipeline/Pipeline->Illuminate/Pipeline/{closure}(Object(Illuminate/Http/Request))
#29 C:/Users/Rurie/Downloads/coircraft-ph-newest/coircraft/backend/vendor/laravel/framework/src/Illuminate/Foundation/Http/Kernel.php(176): Illuminate/Pipeline/Pipeline->then(Object(Closure))
#30 C:/Users/Rurie/Downloads/coircraft-ph-newest/coircraft/backend/vendor/laravel/framework/src/Illuminate/Foundation/Http/Kernel.php(145): Illuminate/Foundation/Http/Kernel->sendRequestThroughRouter(Object(Illuminate/Http/Request))
#31 C:/Users/Rurie/Downloads/coircraft-ph-newest/coircraft/backend/vendor/laravel/framework/src/Illuminate/Foundation/Application.php(1220): Illuminate/Foundation/Http/Kernel->handle(Object(Illuminate/Http/Request))
#32 C:/Users/Rurie/Downloads/coircraft-ph-newest/coircraft/backend/public/index.php(10): Illuminate/Foundation/Application->handleRequest(Object(Illuminate/Http/Request))
#33 C:/Users/Rurie/Downloads/coircraft-ph-newest/coircraft/backend/vendor/laravel/framework/src/Illuminate/Foundation/resources/server.php(23): require_once('C://Users//Rurie//...')
#34 {main}
"} 
[2026-03-24 09:04:47] local.ERROR: Class "App\Http\Controllers\Controller" not found {"exception":"[object] (Error(code: 0): Class \"App\\Http\\Controllers\\Controller\" not found at C:/Users/Rurie/Downloads/coircraft-ph-newest/coircraft/backend/app/Http/Controllers/Api/AuthController.php:9)
[stacktrace]
#0 C:/Users/Rurie/Downloads/coircraft-ph-newest/coircraft/backend/vendor/composer/ClassLoader.php(576): include()
#1 C:/Users/Rurie/Downloads/coircraft-ph-newest/coircraft/backend/vendor/composer/ClassLoader.php(427): Composer/Autoload/{closure}('C://Users//Rurie//...')
#2 [internal function]: Composer/Autoload/ClassLoader->loadClass('App//Http//Contro...')
#3 C:/Users/Rurie/Downloads/coircraft-ph-newest/coircraft/backend/vendor/laravel/framework/src/Illuminate/Routing/Route.php(1117): is_a('App//Http//Contro...', 'Illuminate//Rout...', true)
#4 C:/Users/Rurie/Downloads/coircraft-ph-newest/coircraft/backend/vendor/laravel/framework/src/Illuminate/Routing/Route.php(1054): Illuminate/Routing/Route->controllerMiddleware()
#5 C:/Users/Rurie/Downloads/coircraft-ph-newest/coircraft/backend/vendor/laravel/framework/src/Illuminate/Routing/Router.php(820): Illuminate/Routing/Route->gatherMiddleware()
#6 C:/Users/Rurie/Downloads/coircraft-ph-newest/coircraft/backend/vendor/laravel/framework/src/Illuminate/Routing/Router.php(802): Illuminate/Routing/Router->gatherRouteMiddleware(Object(Illuminate/Routing/Route))
#7 C:/Users/Rurie/Downloads/coircraft-ph-newest/coircraft/backend/vendor/laravel/framework/src/Illuminate/Routing/Router.php(786): Illuminate/Routing/Router->runRouteWithinStack(Object(Illuminate/Routing/Route), Object(Illuminate/Http/Request))
#8 C:/Users/Rurie/Downloads/coircraft-ph-newest/coircraft/backend/vendor/laravel/framework/src/Illuminate/Routing/Router.php(750): Illuminate/Routing/Router->runRoute(Object(Illuminate/Http/Request), Object(Illuminate/Routing/Route))
#9 C:/Users/Rurie/Downloads/coircraft-ph-newest/coircraft/backend/vendor/laravel/framework/src/Illuminate/Routing/Router.php(739): Illuminate/Routing/Router->dispatchToRoute(Object(Illuminate/Http/Request))
#10 C:/Users/Rurie/Downloads/coircraft-ph-newest/coircraft/backend/vendor/laravel/framework/src/Illuminate/Foundation/Http/Kernel.php(201): Illuminate/Routing/Router->dispatch(Object(Illuminate/Http/Request))
#11 C:/Users/Rurie/Downloads/coircraft-ph-newest/coircraft/backend/vendor/laravel/framework/src/Illuminate/Pipeline/Pipeline.php(170): Illuminate/Foundation/Http/Kernel->Illuminate/Foundation/Http/{closure}(Object(Illuminate/Http/Request))
#12 C:/Users/Rurie/Downloads/coircraft-ph-newest/coircraft/backend/vendor/laravel/framework/src/Illuminate/Foundation/Http/Middleware/TransformsRequest.php(21): Illuminate/Pipeline/Pipeline->Illuminate/Pipeline/{closure}(Object(Illuminate/Http/Request))
#13 C:/Users/Rurie/Downloads/coircraft-ph-newest/coircraft/backend/vendor/laravel/framework/src/Illuminate/Foundation/Http/Middleware/ConvertEmptyStringsToNull.php(31): Illuminate/Foundation/Http/Middleware/TransformsRequest->handle(Object(Illuminate/Http/Request), Object(Closure))
#14 C:/Users/Rurie/Downloads/coircraft-ph-newest/coircraft/backend/vendor/laravel/framework/src/Illuminate/Pipeline/Pipeline.php(209): Illuminate/Foundation/Http/Middleware/ConvertEmptyStringsToNull->handle(Object(Illuminate/Http/Request), Object(Closure))
#15 C:/Users/Rurie/Downloads/coircraft-ph-newest/coircraft/backend/vendor/laravel/framework/src/Illuminate/Foundation/Http/Middleware/TransformsRequest.php(21): Illuminate/Pipeline/Pipeline->Illuminate/Pipeline/{closure}(Object(Illuminate/Http/Request))
#16 C:/Users/Rurie/Downloads/coircraft-ph-newest/coircraft/backend/vendor/laravel/framework/src/Illuminate/Foundation/Http/Middleware/TrimStrings.php(51): Illuminate/Foundation/Http/Middleware/TransformsRequest->handle(Object(Illuminate/Http/Request), Object(Closure))
#17 C:/Users/Rurie/Downloads/coircraft-ph-newest/coircraft/backend/vendor/laravel/framework/src/Illuminate/Pipeline/Pipeline.php(209): Illuminate/Foundation/Http/Middleware/TrimStrings->handle(Object(Illuminate/Http/Request), Object(Closure))
#18 C:/Users/Rurie/Downloads/coircraft-ph-newest/coircraft/backend/vendor/laravel/framework/src/Illuminate/Http/Middleware/ValidatePostSize.php(27): Illuminate/Pipeline/Pipeline->Illuminate/Pipeline/{closure}(Object(Illuminate/Http/Request))
#19 C:/Users/Rurie/Downloads/coircraft-ph-newest/coircraft/backend/vendor/laravel/framework/src/Illuminate/Pipeline/Pipeline.php(209): Illuminate/Http/Middleware/ValidatePostSize->handle(Object(Illuminate/Http/Request), Object(Closure))
#20 C:/Users/Rurie/Downloads/coircraft-ph-newest/coircraft/backend/vendor/laravel/framework/src/Illuminate/Foundation/Http/Middleware/PreventRequestsDuringMaintenance.php(110): Illuminate/Pipeline/Pipeline->Illuminate/Pipeline/{closure}(Object(Illuminate/Http/Request))
#21 C:/Users/Rurie/Downloads/coircraft-ph-newest/coircraft/backend/vendor/laravel/framework/src/Illuminate/Pipeline/Pipeline.php(209): Illuminate/Foundation/Http/Middleware/PreventRequestsDuringMaintenance->handle(Object(Illuminate/Http/Request), Object(Closure))
#22 C:/Users/Rurie/Downloads/coircraft-ph-newest/coircraft/backend/vendor/laravel/framework/src/Illuminate/Http/Middleware/HandleCors.php(62): Illuminate/Pipeline/Pipeline->Illuminate/Pipeline/{closure}(Object(Illuminate/Http/Request))
#23 C:/Users/Rurie/Downloads/coircraft-ph-newest/coircraft/backend/vendor/laravel/framework/src/Illuminate/Pipeline/Pipeline.php(209): Illuminate/Http/Middleware/HandleCors->handle(Object(Illuminate/Http/Request), Object(Closure))
#24 C:/Users/Rurie/Downloads/coircraft-ph-newest/coircraft/backend/vendor/laravel/framework/src/Illuminate/Http/Middleware/TrustProxies.php(58): Illuminate/Pipeline/Pipeline->Illuminate/Pipeline/{closure}(Object(Illuminate/Http/Request))
#25 C:/Users/Rurie/Downloads/coircraft-ph-newest/coircraft/backend/vendor/laravel/framework/src/Illuminate/Pipeline/Pipeline.php(209): Illuminate/Http/Middleware/TrustProxies->handle(Object(Illuminate/Http/Request), Object(Closure))
#26 C:/Users/Rurie/Downloads/coircraft-ph-newest/coircraft/backend/vendor/laravel/framework/src/Illuminate/Foundation/Http/Middleware/InvokeDeferredCallbacks.php(22): Illuminate/Pipeline/Pipeline->Illuminate/Pipeline/{closure}(Object(Illuminate/Http/Request))
#27 C:/Users/Rurie/Downloads/coircraft-ph-newest/coircraft/backend/vendor/laravel/framework/src/Illuminate/Pipeline/Pipeline.php(209): Illuminate/Foundation/Http/Middleware/InvokeDeferredCallbacks->handle(Object(Illuminate/Http/Request), Object(Closure))
#28 C:/Users/Rurie/Downloads/coircraft-ph-newest/coircraft/backend/vendor/laravel/framework/src/Illuminate/Pipeline/Pipeline.php(127): Illuminate/Pipeline/Pipeline->Illuminate/Pipeline/{closure}(Object(Illuminate/Http/Request))
#29 C:/Users/Rurie/Downloads/coircraft-ph-newest/coircraft/backend/vendor/laravel/framework/src/Illuminate/Foundation/Http/Kernel.php(176): Illuminate/Pipeline/Pipeline->then(Object(Closure))
#30 C:/Users/Rurie/Downloads/coircraft-ph-newest/coircraft/backend/vendor/laravel/framework/src/Illuminate/Foundation/Http/Kernel.php(145): Illuminate/Foundation/Http/Kernel->sendRequestThroughRouter(Object(Illuminate/Http/Request))
#31 C:/Users/Rurie/Downloads/coircraft-ph-newest/coircraft/backend/vendor/laravel/framework/src/Illuminate/Foundation/Application.php(1220): Illuminate/Foundation/Http/Kernel->handle(Object(Illuminate/Http/Request))
#32 C:/Users/Rurie/Downloads/coircraft-ph-newest/coircraft/backend/public/index.php(10): Illuminate/Foundation/Application->handleRequest(Object(Illuminate/Http/Request))
#33 C:/Users/Rurie/Downloads/coircraft-ph-newest/coircraft/backend/vendor/laravel/framework/src/Illuminate/Foundation/resources/server.php(23): require_once('C://Users//Rurie//...')
#34 {main}
"} 
[2026-03-24 09:04:57] local.ERROR: Class "App\Http\Controllers\Controller" not found {"exception":"[object] (Error(code: 0): Class \"App\\Http\\Controllers\\Controller\" not found at C:/Users/Rurie/Downloads/coircraft-ph-newest/coircraft/backend/app/Http/Controllers/Api/SellerAuthController.php:9)
[stacktrace]
#0 C:/Users/Rurie/Downloads/coircraft-ph-newest/coircraft/backend/vendor/composer/ClassLoader.php(576): include()
#1 C:/Users/Rurie/Downloads/coircraft-ph-newest/coircraft/backend/vendor/composer/ClassLoader.php(427): Composer/Autoload/{closure}('C://Users//Rurie//...')
#2 [internal function]: Composer/Autoload/ClassLoader->loadClass('App//Http//Contro...')
#3 C:/Users/Rurie/Downloads/coircraft-ph-newest/coircraft/backend/vendor/laravel/framework/src/Illuminate/Routing/Route.php(1117): is_a('App//Http//Contro...', 'Illuminate//Rout...', true)
#4 C:/Users/Rurie/Downloads/coircraft-ph-newest/coircraft/backend/vendor/laravel/framework/src/Illuminate/Routing/Route.php(1054): Illuminate/Routing/Route->controllerMiddleware()
#5 C:/Users/Rurie/Downloads/coircraft-ph-newest/coircraft/backend/vendor/laravel/framework/src/Illuminate/Routing/Router.php(820): Illuminate/Routing/Route->gatherMiddleware()
#6 C:/Users/Rurie/Downloads/coircraft-ph-newest/coircraft/backend/vendor/laravel/framework/src/Illuminate/Routing/Router.php(802): Illuminate/Routing/Router->gatherRouteMiddleware(Object(Illuminate/Routing/Route))
#7 C:/Users/Rurie/Downloads/coircraft-ph-newest/coircraft/backend/vendor/laravel/framework/src/Illuminate/Routing/Router.php(786): Illuminate/Routing/Router->runRouteWithinStack(Object(Illuminate/Routing/Route), Object(Illuminate/Http/Request))
#8 C:/Users/Rurie/Downloads/coircraft-ph-newest/coircraft/backend/vendor/laravel/framework/src/Illuminate/Routing/Router.php(750): Illuminate/Routing/Router->runRoute(Object(Illuminate/Http/Request), Object(Illuminate/Routing/Route))
#9 C:/Users/Rurie/Downloads/coircraft-ph-newest/coircraft/backend/vendor/laravel/framework/src/Illuminate/Routing/Router.php(739): Illuminate/Routing/Router->dispatchToRoute(Object(Illuminate/Http/Request))
#10 C:/Users/Rurie/Downloads/coircraft-ph-newest/coircraft/backend/vendor/laravel/framework/src/Illuminate/Foundation/Http/Kernel.php(201): Illuminate/Routing/Router->dispatch(Object(Illuminate/Http/Request))
#11 C:/Users/Rurie/Downloads/coircraft-ph-newest/coircraft/backend/vendor/laravel/framework/src/Illuminate/Pipeline/Pipeline.php(170): Illuminate/Foundation/Http/Kernel->Illuminate/Foundation/Http/{closure}(Object(Illuminate/Http/Request))
#12 C:/Users/Rurie/Downloads/coircraft-ph-newest/coircraft/backend/vendor/laravel/framework/src/Illuminate/Foundation/Http/Middleware/TransformsRequest.php(21): Illuminate/Pipeline/Pipeline->Illuminate/Pipeline/{closure}(Object(Illuminate/Http/Request))
#13 C:/Users/Rurie/Downloads/coircraft-ph-newest/coircraft/backend/vendor/laravel/framework/src/Illuminate/Foundation/Http/Middleware/ConvertEmptyStringsToNull.php(31): Illuminate/Foundation/Http/Middleware/TransformsRequest->handle(Object(Illuminate/Http/Request), Object(Closure))
#14 C:/Users/Rurie/Downloads/coircraft-ph-newest/coircraft/backend/vendor/laravel/framework/src/Illuminate/Pipeline/Pipeline.php(209): Illuminate/Foundation/Http/Middleware/ConvertEmptyStringsToNull->handle(Object(Illuminate/Http/Request), Object(Closure))
#15 C:/Users/Rurie/Downloads/coircraft-ph-newest/coircraft/backend/vendor/laravel/framework/src/Illuminate/Foundation/Http/Middleware/TransformsRequest.php(21): Illuminate/Pipeline/Pipeline->Illuminate/Pipeline/{closure}(Object(Illuminate/Http/Request))
#16 C:/Users/Rurie/Downloads/coircraft-ph-newest/coircraft/backend/vendor/laravel/framework/src/Illuminate/Foundation/Http/Middleware/TrimStrings.php(51): Illuminate/Foundation/Http/Middleware/TransformsRequest->handle(Object(Illuminate/Http/Request), Object(Closure))
#17 C:/Users/Rurie/Downloads/coircraft-ph-newest/coircraft/backend/vendor/laravel/framework/src/Illuminate/Pipeline/Pipeline.php(209): Illuminate/Foundation/Http/Middleware/TrimStrings->handle(Object(Illuminate/Http/Request), Object(Closure))
#18 C:/Users/Rurie/Downloads/coircraft-ph-newest/coircraft/backend/vendor/laravel/framework/src/Illuminate/Http/Middleware/ValidatePostSize.php(27): Illuminate/Pipeline/Pipeline->Illuminate/Pipeline/{closure}(Object(Illuminate/Http/Request))
#19 C:/Users/Rurie/Downloads/coircraft-ph-newest/coircraft/backend/vendor/laravel/framework/src/Illuminate/Pipeline/Pipeline.php(209): Illuminate/Http/Middleware/ValidatePostSize->handle(Object(Illuminate/Http/Request), Object(Closure))
#20 C:/Users/Rurie/Downloads/coircraft-ph-newest/coircraft/backend/vendor/laravel/framework/src/Illuminate/Foundation/Http/Middleware/PreventRequestsDuringMaintenance.php(110): Illuminate/Pipeline/Pipeline->Illuminate/Pipeline/{closure}(Object(Illuminate/Http/Request))
#21 C:/Users/Rurie/Downloads/coircraft-ph-newest/coircraft/backend/vendor/laravel/framework/src/Illuminate/Pipeline/Pipeline.php(209): Illuminate/Foundation/Http/Middleware/PreventRequestsDuringMaintenance->handle(Object(Illuminate/Http/Request), Object(Closure))
#22 C:/Users/Rurie/Downloads/coircraft-ph-newest/coircraft/backend/vendor/laravel/framework/src/Illuminate/Http/Middleware/HandleCors.php(62): Illuminate/Pipeline/Pipeline->Illuminate/Pipeline/{closure}(Object(Illuminate/Http/Request))
#23 C:/Users/Rurie/Downloads/coircraft-ph-newest/coircraft/backend/vendor/laravel/framework/src/Illuminate/Pipeline/Pipeline.php(209): Illuminate/Http/Middleware/HandleCors->handle(Object(Illuminate/Http/Request), Object(Closure))
#24 C:/Users/Rurie/Downloads/coircraft-ph-newest/coircraft/backend/vendor/laravel/framework/src/Illuminate/Http/Middleware/TrustProxies.php(58): Illuminate/Pipeline/Pipeline->Illuminate/Pipeline/{closure}(Object(Illuminate/Http/Request))
#25 C:/Users/Rurie/Downloads/coircraft-ph-newest/coircraft/backend/vendor/laravel/framework/src/Illuminate/Pipeline/Pipeline.php(209): Illuminate/Http/Middleware/TrustProxies->handle(Object(Illuminate/Http/Request), Object(Closure))
#26 C:/Users/Rurie/Downloads/coircraft-ph-newest/coircraft/backend/vendor/laravel/framework/src/Illuminate/Foundation/Http/Middleware/InvokeDeferredCallbacks.php(22): Illuminate/Pipeline/Pipeline->Illuminate/Pipeline/{closure}(Object(Illuminate/Http/Request))
#27 C:/Users/Rurie/Downloads/coircraft-ph-newest/coircraft/backend/vendor/laravel/framework/src/Illuminate/Pipeline/Pipeline.php(209): Illuminate/Foundation/Http/Middleware/InvokeDeferredCallbacks->handle(Object(Illuminate/Http/Request), Object(Closure))
#28 C:/Users/Rurie/Downloads/coircraft-ph-newest/coircraft/backend/vendor/laravel/framework/src/Illuminate/Pipeline/Pipeline.php(127): Illuminate/Pipeline/Pipeline->Illuminate/Pipeline/{closure}(Object(Illuminate/Http/Request))
#29 C:/Users/Rurie/Downloads/coircraft-ph-newest/coircraft/backend/vendor/laravel/framework/src/Illuminate/Foundation/Http/Kernel.php(176): Illuminate/Pipeline/Pipeline->then(Object(Closure))
#30 C:/Users/Rurie/Downloads/coircraft-ph-newest/coircraft/backend/vendor/laravel/framework/src/Illuminate/Foundation/Http/Kernel.php(145): Illuminate/Foundation/Http/Kernel->sendRequestThroughRouter(Object(Illuminate/Http/Request))
#31 C:/Users/Rurie/Downloads/coircraft-ph-newest/coircraft/backend/vendor/laravel/framework/src/Illuminate/Foundation/Application.php(1220): Illuminate/Foundation/Http/Kernel->handle(Object(Illuminate/Http/Request))
#32 C:/Users/Rurie/Downloads/coircraft-ph-newest/coircraft/backend/public/index.php(10): Illuminate/Foundation/Application->handleRequest(Object(Illuminate/Http/Request))
#33 C:/Users/Rurie/Downloads/coircraft-ph-newest/coircraft/backend/vendor/laravel/framework/src/Illuminate/Foundation/resources/server.php(23): require_once('C://Users//Rurie//...')
#34 {main}
"} 
[2026-03-24 09:05:30] local.ERROR: Class "App\Http\Controllers\Controller" not found {"exception":"[object] (Error(code: 0): Class \"App\\Http\\Controllers\\Controller\" not found at C:/Users/Rurie/Downloads/coircraft-ph-newest/coircraft/backend/app/Http/Controllers/Api/SellerAuthController.php:9)
[stacktrace]
#0 C:/Users/Rurie/Downloads/coircraft-ph-newest/coircraft/backend/vendor/composer/ClassLoader.php(576): include()
#1 C:/Users/Rurie/Downloads/coircraft-ph-newest/coircraft/backend/vendor/composer/ClassLoader.php(427): Composer/Autoload/{closure}('C://Users//Rurie//...')
#2 [internal function]: Composer/Autoload/ClassLoader->loadClass('App//Http//Contro...')
#3 C:/Users/Rurie/Downloads/coircraft-ph-newest/coircraft/backend/vendor/laravel/framework/src/Illuminate/Routing/Route.php(1117): is_a('App//Http//Contro...', 'Illuminate//Rout...', true)
#4 C:/Users/Rurie/Downloads/coircraft-ph-newest/coircraft/backend/vendor/laravel/framework/src/Illuminate/Routing/Route.php(1054): Illuminate/Routing/Route->controllerMiddleware()
#5 C:/Users/Rurie/Downloads/coircraft-ph-newest/coircraft/backend/vendor/laravel/framework/src/Illuminate/Routing/Router.php(820): Illuminate/Routing/Route->gatherMiddleware()
#6 C:/Users/Rurie/Downloads/coircraft-ph-newest/coircraft/backend/vendor/laravel/framework/src/Illuminate/Routing/Router.php(802): Illuminate/Routing/Router->gatherRouteMiddleware(Object(Illuminate/Routing/Route))
#7 C:/Users/Rurie/Downloads/coircraft-ph-newest/coircraft/backend/vendor/laravel/framework/src/Illuminate/Routing/Router.php(786): Illuminate/Routing/Router->runRouteWithinStack(Object(Illuminate/Routing/Route), Object(Illuminate/Http/Request))
#8 C:/Users/Rurie/Downloads/coircraft-ph-newest/coircraft/backend/vendor/laravel/framework/src/Illuminate/Routing/Router.php(750): Illuminate/Routing/Router->runRoute(Object(Illuminate/Http/Request), Object(Illuminate/Routing/Route))
#9 C:/Users/Rurie/Downloads/coircraft-ph-newest/coircraft/backend/vendor/laravel/framework/src/Illuminate/Routing/Router.php(739): Illuminate/Routing/Router->dispatchToRoute(Object(Illuminate/Http/Request))
#10 C:/Users/Rurie/Downloads/coircraft-ph-newest/coircraft/backend/vendor/laravel/framework/src/Illuminate/Foundation/Http/Kernel.php(201): Illuminate/Routing/Router->dispatch(Object(Illuminate/Http/Request))
#11 C:/Users/Rurie/Downloads/coircraft-ph-newest/coircraft/backend/vendor/laravel/framework/src/Illuminate/Pipeline/Pipeline.php(170): Illuminate/Foundation/Http/Kernel->Illuminate/Foundation/Http/{closure}(Object(Illuminate/Http/Request))
#12 C:/Users/Rurie/Downloads/coircraft-ph-newest/coircraft/backend/vendor/laravel/framework/src/Illuminate/Foundation/Http/Middleware/TransformsRequest.php(21): Illuminate/Pipeline/Pipeline->Illuminate/Pipeline/{closure}(Object(Illuminate/Http/Request))
#13 C:/Users/Rurie/Downloads/coircraft-ph-newest/coircraft/backend/vendor/laravel/framework/src/Illuminate/Foundation/Http/Middleware/ConvertEmptyStringsToNull.php(31): Illuminate/Foundation/Http/Middleware/TransformsRequest->handle(Object(Illuminate/Http/Request), Object(Closure))
#14 C:/Users/Rurie/Downloads/coircraft-ph-newest/coircraft/backend/vendor/laravel/framework/src/Illuminate/Pipeline/Pipeline.php(209): Illuminate/Foundation/Http/Middleware/ConvertEmptyStringsToNull->handle(Object(Illuminate/Http/Request), Object(Closure))
#15 C:/Users/Rurie/Downloads/coircraft-ph-newest/coircraft/backend/vendor/laravel/framework/src/Illuminate/Foundation/Http/Middleware/TransformsRequest.php(21): Illuminate/Pipeline/Pipeline->Illuminate/Pipeline/{closure}(Object(Illuminate/Http/Request))
#16 C:/Users/Rurie/Downloads/coircraft-ph-newest/coircraft/backend/vendor/laravel/framework/src/Illuminate/Foundation/Http/Middleware/TrimStrings.php(51): Illuminate/Foundation/Http/Middleware/TransformsRequest->handle(Object(Illuminate/Http/Request), Object(Closure))
#17 C:/Users/Rurie/Downloads/coircraft-ph-newest/coircraft/backend/vendor/laravel/framework/src/Illuminate/Pipeline/Pipeline.php(209): Illuminate/Foundation/Http/Middleware/TrimStrings->handle(Object(Illuminate/Http/Request), Object(Closure))
#18 C:/Users/Rurie/Downloads/coircraft-ph-newest/coircraft/backend/vendor/laravel/framework/src/Illuminate/Http/Middleware/ValidatePostSize.php(27): Illuminate/Pipeline/Pipeline->Illuminate/Pipeline/{closure}(Object(Illuminate/Http/Request))
#19 C:/Users/Rurie/Downloads/coircraft-ph-newest/coircraft/backend/vendor/laravel/framework/src/Illuminate/Pipeline/Pipeline.php(209): Illuminate/Http/Middleware/ValidatePostSize->handle(Object(Illuminate/Http/Request), Object(Closure))
#20 C:/Users/Rurie/Downloads/coircraft-ph-newest/coircraft/backend/vendor/laravel/framework/src/Illuminate/Foundation/Http/Middleware/PreventRequestsDuringMaintenance.php(110): Illuminate/Pipeline/Pipeline->Illuminate/Pipeline/{closure}(Object(Illuminate/Http/Request))
#21 C:/Users/Rurie/Downloads/coircraft-ph-newest/coircraft/backend/vendor/laravel/framework/src/Illuminate/Pipeline/Pipeline.php(209): Illuminate/Foundation/Http/Middleware/PreventRequestsDuringMaintenance->handle(Object(Illuminate/Http/Request), Object(Closure))
#22 C:/Users/Rurie/Downloads/coircraft-ph-newest/coircraft/backend/vendor/laravel/framework/src/Illuminate/Http/Middleware/HandleCors.php(62): Illuminate/Pipeline/Pipeline->Illuminate/Pipeline/{closure}(Object(Illuminate/Http/Request))
#23 C:/Users/Rurie/Downloads/coircraft-ph-newest/coircraft/backend/vendor/laravel/framework/src/Illuminate/Pipeline/Pipeline.php(209): Illuminate/Http/Middleware/HandleCors->handle(Object(Illuminate/Http/Request), Object(Closure))
#24 C:/Users/Rurie/Downloads/coircraft-ph-newest/coircraft/backend/vendor/laravel/framework/src/Illuminate/Http/Middleware/TrustProxies.php(58): Illuminate/Pipeline/Pipeline->Illuminate/Pipeline/{closure}(Object(Illuminate/Http/Request))
#25 C:/Users/Rurie/Downloads/coircraft-ph-newest/coircraft/backend/vendor/laravel/framework/src/Illuminate/Pipeline/Pipeline.php(209): Illuminate/Http/Middleware/TrustProxies->handle(Object(Illuminate/Http/Request), Object(Closure))
#26 C:/Users/Rurie/Downloads/coircraft-ph-newest/coircraft/backend/vendor/laravel/framework/src/Illuminate/Foundation/Http/Middleware/InvokeDeferredCallbacks.php(22): Illuminate/Pipeline/Pipeline->Illuminate/Pipeline/{closure}(Object(Illuminate/Http/Request))
#27 C:/Users/Rurie/Downloads/coircraft-ph-newest/coircraft/backend/vendor/laravel/framework/src/Illuminate/Pipeline/Pipeline.php(209): Illuminate/Foundation/Http/Middleware/InvokeDeferredCallbacks->handle(Object(Illuminate/Http/Request), Object(Closure))
#28 C:/Users/Rurie/Downloads/coircraft-ph-newest/coircraft/backend/vendor/laravel/framework/src/Illuminate/Pipeline/Pipeline.php(127): Illuminate/Pipeline/Pipeline->Illuminate/Pipeline/{closure}(Object(Illuminate/Http/Request))
#29 C:/Users/Rurie/Downloads/coircraft-ph-newest/coircraft/backend/vendor/laravel/framework/src/Illuminate/Foundation/Http/Kernel.php(176): Illuminate/Pipeline/Pipeline->then(Object(Closure))
#30 C:/Users/Rurie/Downloads/coircraft-ph-newest/coircraft/backend/vendor/laravel/framework/src/Illuminate/Foundation/Http/Kernel.php(145): Illuminate/Foundation/Http/Kernel->sendRequestThroughRouter(Object(Illuminate/Http/Request))
#31 C:/Users/Rurie/Downloads/coircraft-ph-newest/coircraft/backend/vendor/laravel/framework/src/Illuminate/Foundation/Application.php(1220): Illuminate/Foundation/Http/Kernel->handle(Object(Illuminate/Http/Request))
#32 C:/Users/Rurie/Downloads/coircraft-ph-newest/coircraft/backend/public/index.php(10): Illuminate/Foundation/Application->handleRequest(Object(Illuminate/Http/Request))
#33 C:/Users/Rurie/Downloads/coircraft-ph-newest/coircraft/backend/vendor/laravel/framework/src/Illuminate/Foundation/resources/server.php(23): require_once('C://Users//Rurie//...')
#34 {main}
"} 
[2026-03-24 09:07:15] local.ERROR: Class "App\Http\Controllers\Controller" not found {"exception":"[object] (Error(code: 0): Class \"App\\Http\\Controllers\\Controller\" not found at C:/Users/Rurie/Downloads/coircraft-ph-newest/coircraft/backend/app/Http/Controllers/Api/AuthController.php:9)
[stacktrace]
#0 C:/Users/Rurie/Downloads/coircraft-ph-newest/coircraft/backend/vendor/composer/ClassLoader.php(576): include()
#1 C:/Users/Rurie/Downloads/coircraft-ph-newest/coircraft/backend/vendor/composer/ClassLoader.php(427): Composer/Autoload/{closure}('C://Users//Rurie//...')
#2 [internal function]: Composer/Autoload/ClassLoader->loadClass('App//Http//Contro...')
#3 C:/Users/Rurie/Downloads/coircraft-ph-newest/coircraft/backend/vendor/laravel/framework/src/Illuminate/Routing/Route.php(1117): is_a('App//Http//Contro...', 'Illuminate//Rout...', true)
#4 C:/Users/Rurie/Downloads/coircraft-ph-newest/coircraft/backend/vendor/laravel/framework/src/Illuminate/Routing/Route.php(1054): Illuminate/Routing/Route->controllerMiddleware()
#5 C:/Users/Rurie/Downloads/coircraft-ph-newest/coircraft/backend/vendor/laravel/framework/src/Illuminate/Routing/Router.php(820): Illuminate/Routing/Route->gatherMiddleware()
#6 C:/Users/Rurie/Downloads/coircraft-ph-newest/coircraft/backend/vendor/laravel/framework/src/Illuminate/Routing/Router.php(802): Illuminate/Routing/Router->gatherRouteMiddleware(Object(Illuminate/Routing/Route))
#7 C:/Users/Rurie/Downloads/coircraft-ph-newest/coircraft/backend/vendor/laravel/framework/src/Illuminate/Routing/Router.php(786): Illuminate/Routing/Router->runRouteWithinStack(Object(Illuminate/Routing/Route), Object(Illuminate/Http/Request))
#8 C:/Users/Rurie/Downloads/coircraft-ph-newest/coircraft/backend/vendor/laravel/framework/src/Illuminate/Routing/Router.php(750): Illuminate/Routing/Router->runRoute(Object(Illuminate/Http/Request), Object(Illuminate/Routing/Route))
#9 C:/Users/Rurie/Downloads/coircraft-ph-newest/coircraft/backend/vendor/laravel/framework/src/Illuminate/Routing/Router.php(739): Illuminate/Routing/Router->dispatchToRoute(Object(Illuminate/Http/Request))
#10 C:/Users/Rurie/Downloads/coircraft-ph-newest/coircraft/backend/vendor/laravel/framework/src/Illuminate/Foundation/Http/Kernel.php(201): Illuminate/Routing/Router->dispatch(Object(Illuminate/Http/Request))
#11 C:/Users/Rurie/Downloads/coircraft-ph-newest/coircraft/backend/vendor/laravel/framework/src/Illuminate/Pipeline/Pipeline.php(170): Illuminate/Foundation/Http/Kernel->Illuminate/Foundation/Http/{closure}(Object(Illuminate/Http/Request))
#12 C:/Users/Rurie/Downloads/coircraft-ph-newest/coircraft/backend/vendor/laravel/framework/src/Illuminate/Foundation/Http/Middleware/TransformsRequest.php(21): Illuminate/Pipeline/Pipeline->Illuminate/Pipeline/{closure}(Object(Illuminate/Http/Request))
#13 C:/Users/Rurie/Downloads/coircraft-ph-newest/coircraft/backend/vendor/laravel/framework/src/Illuminate/Foundation/Http/Middleware/ConvertEmptyStringsToNull.php(31): Illuminate/Foundation/Http/Middleware/TransformsRequest->handle(Object(Illuminate/Http/Request), Object(Closure))
#14 C:/Users/Rurie/Downloads/coircraft-ph-newest/coircraft/backend/vendor/laravel/framework/src/Illuminate/Pipeline/Pipeline.php(209): Illuminate/Foundation/Http/Middleware/ConvertEmptyStringsToNull->handle(Object(Illuminate/Http/Request), Object(Closure))
#15 C:/Users/Rurie/Downloads/coircraft-ph-newest/coircraft/backend/vendor/laravel/framework/src/Illuminate/Foundation/Http/Middleware/TransformsRequest.php(21): Illuminate/Pipeline/Pipeline->Illuminate/Pipeline/{closure}(Object(Illuminate/Http/Request))
#16 C:/Users/Rurie/Downloads/coircraft-ph-newest/coircraft/backend/vendor/laravel/framework/src/Illuminate/Foundation/Http/Middleware/TrimStrings.php(51): Illuminate/Foundation/Http/Middleware/TransformsRequest->handle(Object(Illuminate/Http/Request), Object(Closure))
#17 C:/Users/Rurie/Downloads/coircraft-ph-newest/coircraft/backend/vendor/laravel/framework/src/Illuminate/Pipeline/Pipeline.php(209): Illuminate/Foundation/Http/Middleware/TrimStrings->handle(Object(Illuminate/Http/Request), Object(Closure))
#18 C:/Users/Rurie/Downloads/coircraft-ph-newest/coircraft/backend/vendor/laravel/framework/src/Illuminate/Http/Middleware/ValidatePostSize.php(27): Illuminate/Pipeline/Pipeline->Illuminate/Pipeline/{closure}(Object(Illuminate/Http/Request))
#19 C:/Users/Rurie/Downloads/coircraft-ph-newest/coircraft/backend/vendor/laravel/framework/src/Illuminate/Pipeline/Pipeline.php(209): Illuminate/Http/Middleware/ValidatePostSize->handle(Object(Illuminate/Http/Request), Object(Closure))
#20 C:/Users/Rurie/Downloads/coircraft-ph-newest/coircraft/backend/vendor/laravel/framework/src/Illuminate/Foundation/Http/Middleware/PreventRequestsDuringMaintenance.php(110): Illuminate/Pipeline/Pipeline->Illuminate/Pipeline/{closure}(Object(Illuminate/Http/Request))
#21 C:/Users/Rurie/Downloads/coircraft-ph-newest/coircraft/backend/vendor/laravel/framework/src/Illuminate/Pipeline/Pipeline.php(209): Illuminate/Foundation/Http/Middleware/PreventRequestsDuringMaintenance->handle(Object(Illuminate/Http/Request), Object(Closure))
#22 C:/Users/Rurie/Downloads/coircraft-ph-newest/coircraft/backend/vendor/laravel/framework/src/Illuminate/Http/Middleware/HandleCors.php(62): Illuminate/Pipeline/Pipeline->Illuminate/Pipeline/{closure}(Object(Illuminate/Http/Request))
#23 C:/Users/Rurie/Downloads/coircraft-ph-newest/coircraft/backend/vendor/laravel/framework/src/Illuminate/Pipeline/Pipeline.php(209): Illuminate/Http/Middleware/HandleCors->handle(Object(Illuminate/Http/Request), Object(Closure))
#24 C:/Users/Rurie/Downloads/coircraft-ph-newest/coircraft/backend/vendor/laravel/framework/src/Illuminate/Http/Middleware/TrustProxies.php(58): Illuminate/Pipeline/Pipeline->Illuminate/Pipeline/{closure}(Object(Illuminate/Http/Request))
#25 C:/Users/Rurie/Downloads/coircraft-ph-newest/coircraft/backend/vendor/laravel/framework/src/Illuminate/Pipeline/Pipeline.php(209): Illuminate/Http/Middleware/TrustProxies->handle(Object(Illuminate/Http/Request), Object(Closure))
#26 C:/Users/Rurie/Downloads/coircraft-ph-newest/coircraft/backend/vendor/laravel/framework/src/Illuminate/Foundation/Http/Middleware/InvokeDeferredCallbacks.php(22): Illuminate/Pipeline/Pipeline->Illuminate/Pipeline/{closure}(Object(Illuminate/Http/Request))
#27 C:/Users/Rurie/Downloads/coircraft-ph-newest/coircraft/backend/vendor/laravel/framework/src/Illuminate/Pipeline/Pipeline.php(209): Illuminate/Foundation/Http/Middleware/InvokeDeferredCallbacks->handle(Object(Illuminate/Http/Request), Object(Closure))
#28 C:/Users/Rurie/Downloads/coircraft-ph-newest/coircraft/backend/vendor/laravel/framework/src/Illuminate/Pipeline/Pipeline.php(127): Illuminate/Pipeline/Pipeline->Illuminate/Pipeline/{closure}(Object(Illuminate/Http/Request))
#29 C:/Users/Rurie/Downloads/coircraft-ph-newest/coircraft/backend/vendor/laravel/framework/src/Illuminate/Foundation/Http/Kernel.php(176): Illuminate/Pipeline/Pipeline->then(Object(Closure))
#30 C:/Users/Rurie/Downloads/coircraft-ph-newest/coircraft/backend/vendor/laravel/framework/src/Illuminate/Foundation/Http/Kernel.php(145): Illuminate/Foundation/Http/Kernel->sendRequestThroughRouter(Object(Illuminate/Http/Request))
#31 C:/Users/Rurie/Downloads/coircraft-ph-newest/coircraft/backend/vendor/laravel/framework/src/Illuminate/Foundation/Application.php(1220): Illuminate/Foundation/Http/Kernel->handle(Object(Illuminate/Http/Request))
#32 C:/Users/Rurie/Downloads/coircraft-ph-newest/coircraft/backend/public/index.php(10): Illuminate/Foundation/Application->handleRequest(Object(Illuminate/Http/Request))
#33 C:/Users/Rurie/Downloads/coircraft-ph-newest/coircraft/backend/vendor/laravel/framework/src/Illuminate/Foundation/resources/server.php(23): require_once('C://Users//Rurie//...')
#34 {main}
"} 
[2026-03-24 09:07:22] local.ERROR: Class "App\Http\Controllers\Controller" not found {"exception":"[object] (Error(code: 0): Class \"App\\Http\\Controllers\\Controller\" not found at C:/Users/Rurie/Downloads/coircraft-ph-newest/coircraft/backend/app/Http/Controllers/Api/AuthController.php:9)
[stacktrace]
#0 C:/Users/Rurie/Downloads/coircraft-ph-newest/coircraft/backend/vendor/composer/ClassLoader.php(576): include()
#1 C:/Users/Rurie/Downloads/coircraft-ph-newest/coircraft/backend/vendor/composer/ClassLoader.php(427): Composer/Autoload/{closure}('C://Users//Rurie//...')
#2 [internal function]: Composer/Autoload/ClassLoader->loadClass('App//Http//Contro...')
#3 C:/Users/Rurie/Downloads/coircraft-ph-newest/coircraft/backend/vendor/laravel/framework/src/Illuminate/Routing/Route.php(1117): is_a('App//Http//Contro...', 'Illuminate//Rout...', true)
#4 C:/Users/Rurie/Downloads/coircraft-ph-newest/coircraft/backend/vendor/laravel/framework/src/Illuminate/Routing/Route.php(1054): Illuminate/Routing/Route->controllerMiddleware()
#5 C:/Users/Rurie/Downloads/coircraft-ph-newest/coircraft/backend/vendor/laravel/framework/src/Illuminate/Routing/Router.php(820): Illuminate/Routing/Route->gatherMiddleware()
#6 C:/Users/Rurie/Downloads/coircraft-ph-newest/coircraft/backend/vendor/laravel/framework/src/Illuminate/Routing/Router.php(802): Illuminate/Routing/Router->gatherRouteMiddleware(Object(Illuminate/Routing/Route))
#7 C:/Users/Rurie/Downloads/coircraft-ph-newest/coircraft/backend/vendor/laravel/framework/src/Illuminate/Routing/Router.php(786): Illuminate/Routing/Router->runRouteWithinStack(Object(Illuminate/Routing/Route), Object(Illuminate/Http/Request))
#8 C:/Users/Rurie/Downloads/coircraft-ph-newest/coircraft/backend/vendor/laravel/framework/src/Illuminate/Routing/Router.php(750): Illuminate/Routing/Router->runRoute(Object(Illuminate/Http/Request), Object(Illuminate/Routing/Route))
#9 C:/Users/Rurie/Downloads/coircraft-ph-newest/coircraft/backend/vendor/laravel/framework/src/Illuminate/Routing/Router.php(739): Illuminate/Routing/Router->dispatchToRoute(Object(Illuminate/Http/Request))
#10 C:/Users/Rurie/Downloads/coircraft-ph-newest/coircraft/backend/vendor/laravel/framework/src/Illuminate/Foundation/Http/Kernel.php(201): Illuminate/Routing/Router->dispatch(Object(Illuminate/Http/Request))
#11 C:/Users/Rurie/Downloads/coircraft-ph-newest/coircraft/backend/vendor/laravel/framework/src/Illuminate/Pipeline/Pipeline.php(170): Illuminate/Foundation/Http/Kernel->Illuminate/Foundation/Http/{closure}(Object(Illuminate/Http/Request))
#12 C:/Users/Rurie/Downloads/coircraft-ph-newest/coircraft/backend/vendor/laravel/framework/src/Illuminate/Foundation/Http/Middleware/TransformsRequest.php(21): Illuminate/Pipeline/Pipeline->Illuminate/Pipeline/{closure}(Object(Illuminate/Http/Request))
#13 C:/Users/Rurie/Downloads/coircraft-ph-newest/coircraft/backend/vendor/laravel/framework/src/Illuminate/Foundation/Http/Middleware/ConvertEmptyStringsToNull.php(31): Illuminate/Foundation/Http/Middleware/TransformsRequest->handle(Object(Illuminate/Http/Request), Object(Closure))
#14 C:/Users/Rurie/Downloads/coircraft-ph-newest/coircraft/backend/vendor/laravel/framework/src/Illuminate/Pipeline/Pipeline.php(209): Illuminate/Foundation/Http/Middleware/ConvertEmptyStringsToNull->handle(Object(Illuminate/Http/Request), Object(Closure))
#15 C:/Users/Rurie/Downloads/coircraft-ph-newest/coircraft/backend/vendor/laravel/framework/src/Illuminate/Foundation/Http/Middleware/TransformsRequest.php(21): Illuminate/Pipeline/Pipeline->Illuminate/Pipeline/{closure}(Object(Illuminate/Http/Request))
#16 C:/Users/Rurie/Downloads/coircraft-ph-newest/coircraft/backend/vendor/laravel/framework/src/Illuminate/Foundation/Http/Middleware/TrimStrings.php(51): Illuminate/Foundation/Http/Middleware/TransformsRequest->handle(Object(Illuminate/Http/Request), Object(Closure))
#17 C:/Users/Rurie/Downloads/coircraft-ph-newest/coircraft/backend/vendor/laravel/framework/src/Illuminate/Pipeline/Pipeline.php(209): Illuminate/Foundation/Http/Middleware/TrimStrings->handle(Object(Illuminate/Http/Request), Object(Closure))
#18 C:/Users/Rurie/Downloads/coircraft-ph-newest/coircraft/backend/vendor/laravel/framework/src/Illuminate/Http/Middleware/ValidatePostSize.php(27): Illuminate/Pipeline/Pipeline->Illuminate/Pipeline/{closure}(Object(Illuminate/Http/Request))
#19 C:/Users/Rurie/Downloads/coircraft-ph-newest/coircraft/backend/vendor/laravel/framework/src/Illuminate/Pipeline/Pipeline.php(209): Illuminate/Http/Middleware/ValidatePostSize->handle(Object(Illuminate/Http/Request), Object(Closure))
#20 C:/Users/Rurie/Downloads/coircraft-ph-newest/coircraft/backend/vendor/laravel/framework/src/Illuminate/Foundation/Http/Middleware/PreventRequestsDuringMaintenance.php(110): Illuminate/Pipeline/Pipeline->Illuminate/Pipeline/{closure}(Object(Illuminate/Http/Request))
#21 C:/Users/Rurie/Downloads/coircraft-ph-newest/coircraft/backend/vendor/laravel/framework/src/Illuminate/Pipeline/Pipeline.php(209): Illuminate/Foundation/Http/Middleware/PreventRequestsDuringMaintenance->handle(Object(Illuminate/Http/Request), Object(Closure))
#22 C:/Users/Rurie/Downloads/coircraft-ph-newest/coircraft/backend/vendor/laravel/framework/src/Illuminate/Http/Middleware/HandleCors.php(62): Illuminate/Pipeline/Pipeline->Illuminate/Pipeline/{closure}(Object(Illuminate/Http/Request))
#23 C:/Users/Rurie/Downloads/coircraft-ph-newest/coircraft/backend/vendor/laravel/framework/src/Illuminate/Pipeline/Pipeline.php(209): Illuminate/Http/Middleware/HandleCors->handle(Object(Illuminate/Http/Request), Object(Closure))
#24 C:/Users/Rurie/Downloads/coircraft-ph-newest/coircraft/backend/vendor/laravel/framework/src/Illuminate/Http/Middleware/TrustProxies.php(58): Illuminate/Pipeline/Pipeline->Illuminate/Pipeline/{closure}(Object(Illuminate/Http/Request))
#25 C:/Users/Rurie/Downloads/coircraft-ph-newest/coircraft/backend/vendor/laravel/framework/src/Illuminate/Pipeline/Pipeline.php(209): Illuminate/Http/Middleware/TrustProxies->handle(Object(Illuminate/Http/Request), Object(Closure))
#26 C:/Users/Rurie/Downloads/coircraft-ph-newest/coircraft/backend/vendor/laravel/framework/src/Illuminate/Foundation/Http/Middleware/InvokeDeferredCallbacks.php(22): Illuminate/Pipeline/Pipeline->Illuminate/Pipeline/{closure}(Object(Illuminate/Http/Request))
#27 C:/Users/Rurie/Downloads/coircraft-ph-newest/coircraft/backend/vendor/laravel/framework/src/Illuminate/Pipeline/Pipeline.php(209): Illuminate/Foundation/Http/Middleware/InvokeDeferredCallbacks->handle(Object(Illuminate/Http/Request), Object(Closure))
#28 C:/Users/Rurie/Downloads/coircraft-ph-newest/coircraft/backend/vendor/laravel/framework/src/Illuminate/Pipeline/Pipeline.php(127): Illuminate/Pipeline/Pipeline->Illuminate/Pipeline/{closure}(Object(Illuminate/Http/Request))
#29 C:/Users/Rurie/Downloads/coircraft-ph-newest/coircraft/backend/vendor/laravel/framework/src/Illuminate/Foundation/Http/Kernel.php(176): Illuminate/Pipeline/Pipeline->then(Object(Closure))
#30 C:/Users/Rurie/Downloads/coircraft-ph-newest/coircraft/backend/vendor/laravel/framework/src/Illuminate/Foundation/Http/Kernel.php(145): Illuminate/Foundation/Http/Kernel->sendRequestThroughRouter(Object(Illuminate/Http/Request))
#31 C:/Users/Rurie/Downloads/coircraft-ph-newest/coircraft/backend/vendor/laravel/framework/src/Illuminate/Foundation/Application.php(1220): Illuminate/Foundation/Http/Kernel->handle(Object(Illuminate/Http/Request))
#32 C:/Users/Rurie/Downloads/coircraft-ph-newest/coircraft/backend/public/index.php(10): Illuminate/Foundation/Application->handleRequest(Object(Illuminate/Http/Request))
#33 C:/Users/Rurie/Downloads/coircraft-ph-newest/coircraft/backend/vendor/laravel/framework/src/Illuminate/Foundation/resources/server.php(23): require_once('C://Users//Rurie//...')
#34 {main}
"} 
[2026-03-24 09:10:18] local.ERROR: Class "App\Http\Controllers\Controller" not found {"exception":"[object] (Error(code: 0): Class \"App\\Http\\Controllers\\Controller\" not found at C:/Users/Rurie/Downloads/coircraft-ph-newest/coircraft/backend/app/Http/Controllers/Api/ProductController.php:7)
[stacktrace]
#0 C:/Users/Rurie/Downloads/coircraft-ph-newest/coircraft/backend/vendor/composer/ClassLoader.php(576): include()
#1 C:/Users/Rurie/Downloads/coircraft-ph-newest/coircraft/backend/vendor/composer/ClassLoader.php(427): Composer/Autoload/{closure}('C://Users//Rurie//...')
#2 [internal function]: Composer/Autoload/ClassLoader->loadClass('App//Http//Contro...')
#3 C:/Users/Rurie/Downloads/coircraft-ph-newest/coircraft/backend/vendor/laravel/framework/src/Illuminate/Routing/Route.php(1117): is_a('App//Http//Contro...', 'Illuminate//Rout...', true)
#4 C:/Users/Rurie/Downloads/coircraft-ph-newest/coircraft/backend/vendor/laravel/framework/src/Illuminate/Routing/Route.php(1054): Illuminate/Routing/Route->controllerMiddleware()
#5 C:/Users/Rurie/Downloads/coircraft-ph-newest/coircraft/backend/vendor/laravel/framework/src/Illuminate/Routing/Router.php(820): Illuminate/Routing/Route->gatherMiddleware()
#6 C:/Users/Rurie/Downloads/coircraft-ph-newest/coircraft/backend/vendor/laravel/framework/src/Illuminate/Routing/Router.php(802): Illuminate/Routing/Router->gatherRouteMiddleware(Object(Illuminate/Routing/Route))
#7 C:/Users/Rurie/Downloads/coircraft-ph-newest/coircraft/backend/vendor/laravel/framework/src/Illuminate/Routing/Router.php(786): Illuminate/Routing/Router->runRouteWithinStack(Object(Illuminate/Routing/Route), Object(Illuminate/Http/Request))
#8 C:/Users/Rurie/Downloads/coircraft-ph-newest/coircraft/backend/vendor/laravel/framework/src/Illuminate/Routing/Router.php(750): Illuminate/Routing/Router->runRoute(Object(Illuminate/Http/Request), Object(Illuminate/Routing/Route))
#9 C:/Users/Rurie/Downloads/coircraft-ph-newest/coircraft/backend/vendor/laravel/framework/src/Illuminate/Routing/Router.php(739): Illuminate/Routing/Router->dispatchToRoute(Object(Illuminate/Http/Request))
#10 C:/Users/Rurie/Downloads/coircraft-ph-newest/coircraft/backend/vendor/laravel/framework/src/Illuminate/Foundation/Http/Kernel.php(201): Illuminate/Routing/Router->dispatch(Object(Illuminate/Http/Request))
#11 C:/Users/Rurie/Downloads/coircraft-ph-newest/coircraft/backend/vendor/laravel/framework/src/Illuminate/Pipeline/Pipeline.php(170): Illuminate/Foundation/Http/Kernel->Illuminate/Foundation/Http/{closure}(Object(Illuminate/Http/Request))
#12 C:/Users/Rurie/Downloads/coircraft-ph-newest/coircraft/backend/vendor/laravel/framework/src/Illuminate/Foundation/Http/Middleware/TransformsRequest.php(21): Illuminate/Pipeline/Pipeline->Illuminate/Pipeline/{closure}(Object(Illuminate/Http/Request))
#13 C:/Users/Rurie/Downloads/coircraft-ph-newest/coircraft/backend/vendor/laravel/framework/src/Illuminate/Foundation/Http/Middleware/ConvertEmptyStringsToNull.php(31): Illuminate/Foundation/Http/Middleware/TransformsRequest->handle(Object(Illuminate/Http/Request), Object(Closure))
#14 C:/Users/Rurie/Downloads/coircraft-ph-newest/coircraft/backend/vendor/laravel/framework/src/Illuminate/Pipeline/Pipeline.php(209): Illuminate/Foundation/Http/Middleware/ConvertEmptyStringsToNull->handle(Object(Illuminate/Http/Request), Object(Closure))
#15 C:/Users/Rurie/Downloads/coircraft-ph-newest/coircraft/backend/vendor/laravel/framework/src/Illuminate/Foundation/Http/Middleware/TransformsRequest.php(21): Illuminate/Pipeline/Pipeline->Illuminate/Pipeline/{closure}(Object(Illuminate/Http/Request))
#16 C:/Users/Rurie/Downloads/coircraft-ph-newest/coircraft/backend/vendor/laravel/framework/src/Illuminate/Foundation/Http/Middleware/TrimStrings.php(51): Illuminate/Foundation/Http/Middleware/TransformsRequest->handle(Object(Illuminate/Http/Request), Object(Closure))
#17 C:/Users/Rurie/Downloads/coircraft-ph-newest/coircraft/backend/vendor/laravel/framework/src/Illuminate/Pipeline/Pipeline.php(209): Illuminate/Foundation/Http/Middleware/TrimStrings->handle(Object(Illuminate/Http/Request), Object(Closure))
#18 C:/Users/Rurie/Downloads/coircraft-ph-newest/coircraft/backend/vendor/laravel/framework/src/Illuminate/Http/Middleware/ValidatePostSize.php(27): Illuminate/Pipeline/Pipeline->Illuminate/Pipeline/{closure}(Object(Illuminate/Http/Request))
#19 C:/Users/Rurie/Downloads/coircraft-ph-newest/coircraft/backend/vendor/laravel/framework/src/Illuminate/Pipeline/Pipeline.php(209): Illuminate/Http/Middleware/ValidatePostSize->handle(Object(Illuminate/Http/Request), Object(Closure))
#20 C:/Users/Rurie/Downloads/coircraft-ph-newest/coircraft/backend/vendor/laravel/framework/src/Illuminate/Foundation/Http/Middleware/PreventRequestsDuringMaintenance.php(110): Illuminate/Pipeline/Pipeline->Illuminate/Pipeline/{closure}(Object(Illuminate/Http/Request))
#21 C:/Users/Rurie/Downloads/coircraft-ph-newest/coircraft/backend/vendor/laravel/framework/src/Illuminate/Pipeline/Pipeline.php(209): Illuminate/Foundation/Http/Middleware/PreventRequestsDuringMaintenance->handle(Object(Illuminate/Http/Request), Object(Closure))
#22 C:/Users/Rurie/Downloads/coircraft-ph-newest/coircraft/backend/vendor/laravel/framework/src/Illuminate/Http/Middleware/HandleCors.php(62): Illuminate/Pipeline/Pipeline->Illuminate/Pipeline/{closure}(Object(Illuminate/Http/Request))
#23 C:/Users/Rurie/Downloads/coircraft-ph-newest/coircraft/backend/vendor/laravel/framework/src/Illuminate/Pipeline/Pipeline.php(209): Illuminate/Http/Middleware/HandleCors->handle(Object(Illuminate/Http/Request), Object(Closure))
#24 C:/Users/Rurie/Downloads/coircraft-ph-newest/coircraft/backend/vendor/laravel/framework/src/Illuminate/Http/Middleware/TrustProxies.php(58): Illuminate/Pipeline/Pipeline->Illuminate/Pipeline/{closure}(Object(Illuminate/Http/Request))
#25 C:/Users/Rurie/Downloads/coircraft-ph-newest/coircraft/backend/vendor/laravel/framework/src/Illuminate/Pipeline/Pipeline.php(209): Illuminate/Http/Middleware/TrustProxies->handle(Object(Illuminate/Http/Request), Object(Closure))
#26 C:/Users/Rurie/Downloads/coircraft-ph-newest/coircraft/backend/vendor/laravel/framework/src/Illuminate/Foundation/Http/Middleware/InvokeDeferredCallbacks.php(22): Illuminate/Pipeline/Pipeline->Illuminate/Pipeline/{closure}(Object(Illuminate/Http/Request))
#27 C:/Users/Rurie/Downloads/coircraft-ph-newest/coircraft/backend/vendor/laravel/framework/src/Illuminate/Pipeline/Pipeline.php(209): Illuminate/Foundation/Http/Middleware/InvokeDeferredCallbacks->handle(Object(Illuminate/Http/Request), Object(Closure))
#28 C:/Users/Rurie/Downloads/coircraft-ph-newest/coircraft/backend/vendor/laravel/framework/src/Illuminate/Pipeline/Pipeline.php(127): Illuminate/Pipeline/Pipeline->Illuminate/Pipeline/{closure}(Object(Illuminate/Http/Request))
#29 C:/Users/Rurie/Downloads/coircraft-ph-newest/coircraft/backend/vendor/laravel/framework/src/Illuminate/Foundation/Http/Kernel.php(176): Illuminate/Pipeline/Pipeline->then(Object(Closure))
#30 C:/Users/Rurie/Downloads/coircraft-ph-newest/coircraft/backend/vendor/laravel/framework/src/Illuminate/Foundation/Http/Kernel.php(145): Illuminate/Foundation/Http/Kernel->sendRequestThroughRouter(Object(Illuminate/Http/Request))
#31 C:/Users/Rurie/Downloads/coircraft-ph-newest/coircraft/backend/vendor/laravel/framework/src/Illuminate/Foundation/Application.php(1220): Illuminate/Foundation/Http/Kernel->handle(Object(Illuminate/Http/Request))
#32 C:/Users/Rurie/Downloads/coircraft-ph-newest/coircraft/backend/public/index.php(10): Illuminate/Foundation/Application->handleRequest(Object(Illuminate/Http/Request))
#33 C:/Users/Rurie/Downloads/coircraft-ph-newest/coircraft/backend/vendor/laravel/framework/src/Illuminate/Foundation/resources/server.php(23): require_once('C://Users//Rurie//...')
#34 {main}
"} 
[2026-03-24 09:10:24] local.ERROR: Class "App\Http\Controllers\Controller" not found {"exception":"[object] (Error(code: 0): Class \"App\\Http\\Controllers\\Controller\" not found at C:/Users/Rurie/Downloads/coircraft-ph-newest/coircraft/backend/app/Http/Controllers/Api/ProductController.php:7)
[stacktrace]
#0 C:/Users/Rurie/Downloads/coircraft-ph-newest/coircraft/backend/vendor/composer/ClassLoader.php(576): include()
#1 C:/Users/Rurie/Downloads/coircraft-ph-newest/coircraft/backend/vendor/composer/ClassLoader.php(427): Composer/Autoload/{closure}('C://Users//Rurie//...')
#2 [internal function]: Composer/Autoload/ClassLoader->loadClass('App//Http//Contro...')
#3 C:/Users/Rurie/Downloads/coircraft-ph-newest/coircraft/backend/vendor/laravel/framework/src/Illuminate/Routing/Route.php(1117): is_a('App//Http//Contro...', 'Illuminate//Rout...', true)
#4 C:/Users/Rurie/Downloads/coircraft-ph-newest/coircraft/backend/vendor/laravel/framework/src/Illuminate/Routing/Route.php(1054): Illuminate/Routing/Route->controllerMiddleware()
#5 C:/Users/Rurie/Downloads/coircraft-ph-newest/coircraft/backend/vendor/laravel/framework/src/Illuminate/Routing/Router.php(820): Illuminate/Routing/Route->gatherMiddleware()
#6 C:/Users/Rurie/Downloads/coircraft-ph-newest/coircraft/backend/vendor/laravel/framework/src/Illuminate/Routing/Router.php(802): Illuminate/Routing/Router->gatherRouteMiddleware(Object(Illuminate/Routing/Route))
#7 C:/Users/Rurie/Downloads/coircraft-ph-newest/coircraft/backend/vendor/laravel/framework/src/Illuminate/Routing/Router.php(786): Illuminate/Routing/Router->runRouteWithinStack(Object(Illuminate/Routing/Route), Object(Illuminate/Http/Request))
#8 C:/Users/Rurie/Downloads/coircraft-ph-newest/coircraft/backend/vendor/laravel/framework/src/Illuminate/Routing/Router.php(750): Illuminate/Routing/Router->runRoute(Object(Illuminate/Http/Request), Object(Illuminate/Routing/Route))
#9 C:/Users/Rurie/Downloads/coircraft-ph-newest/coircraft/backend/vendor/laravel/framework/src/Illuminate/Routing/Router.php(739): Illuminate/Routing/Router->dispatchToRoute(Object(Illuminate/Http/Request))
#10 C:/Users/Rurie/Downloads/coircraft-ph-newest/coircraft/backend/vendor/laravel/framework/src/Illuminate/Foundation/Http/Kernel.php(201): Illuminate/Routing/Router->dispatch(Object(Illuminate/Http/Request))
#11 C:/Users/Rurie/Downloads/coircraft-ph-newest/coircraft/backend/vendor/laravel/framework/src/Illuminate/Pipeline/Pipeline.php(170): Illuminate/Foundation/Http/Kernel->Illuminate/Foundation/Http/{closure}(Object(Illuminate/Http/Request))
#12 C:/Users/Rurie/Downloads/coircraft-ph-newest/coircraft/backend/vendor/laravel/framework/src/Illuminate/Foundation/Http/Middleware/TransformsRequest.php(21): Illuminate/Pipeline/Pipeline->Illuminate/Pipeline/{closure}(Object(Illuminate/Http/Request))
#13 C:/Users/Rurie/Downloads/coircraft-ph-newest/coircraft/backend/vendor/laravel/framework/src/Illuminate/Foundation/Http/Middleware/ConvertEmptyStringsToNull.php(31): Illuminate/Foundation/Http/Middleware/TransformsRequest->handle(Object(Illuminate/Http/Request), Object(Closure))
#14 C:/Users/Rurie/Downloads/coircraft-ph-newest/coircraft/backend/vendor/laravel/framework/src/Illuminate/Pipeline/Pipeline.php(209): Illuminate/Foundation/Http/Middleware/ConvertEmptyStringsToNull->handle(Object(Illuminate/Http/Request), Object(Closure))
#15 C:/Users/Rurie/Downloads/coircraft-ph-newest/coircraft/backend/vendor/laravel/framework/src/Illuminate/Foundation/Http/Middleware/TransformsRequest.php(21): Illuminate/Pipeline/Pipeline->Illuminate/Pipeline/{closure}(Object(Illuminate/Http/Request))
#16 C:/Users/Rurie/Downloads/coircraft-ph-newest/coircraft/backend/vendor/laravel/framework/src/Illuminate/Foundation/Http/Middleware/TrimStrings.php(51): Illuminate/Foundation/Http/Middleware/TransformsRequest->handle(Object(Illuminate/Http/Request), Object(Closure))
#17 C:/Users/Rurie/Downloads/coircraft-ph-newest/coircraft/backend/vendor/laravel/framework/src/Illuminate/Pipeline/Pipeline.php(209): Illuminate/Foundation/Http/Middleware/TrimStrings->handle(Object(Illuminate/Http/Request), Object(Closure))
#18 C:/Users/Rurie/Downloads/coircraft-ph-newest/coircraft/backend/vendor/laravel/framework/src/Illuminate/Http/Middleware/ValidatePostSize.php(27): Illuminate/Pipeline/Pipeline->Illuminate/Pipeline/{closure}(Object(Illuminate/Http/Request))
#19 C:/Users/Rurie/Downloads/coircraft-ph-newest/coircraft/backend/vendor/laravel/framework/src/Illuminate/Pipeline/Pipeline.php(209): Illuminate/Http/Middleware/ValidatePostSize->handle(Object(Illuminate/Http/Request), Object(Closure))
#20 C:/Users/Rurie/Downloads/coircraft-ph-newest/coircraft/backend/vendor/laravel/framework/src/Illuminate/Foundation/Http/Middleware/PreventRequestsDuringMaintenance.php(110): Illuminate/Pipeline/Pipeline->Illuminate/Pipeline/{closure}(Object(Illuminate/Http/Request))
#21 C:/Users/Rurie/Downloads/coircraft-ph-newest/coircraft/backend/vendor/laravel/framework/src/Illuminate/Pipeline/Pipeline.php(209): Illuminate/Foundation/Http/Middleware/PreventRequestsDuringMaintenance->handle(Object(Illuminate/Http/Request), Object(Closure))
#22 C:/Users/Rurie/Downloads/coircraft-ph-newest/coircraft/backend/vendor/laravel/framework/src/Illuminate/Http/Middleware/HandleCors.php(62): Illuminate/Pipeline/Pipeline->Illuminate/Pipeline/{closure}(Object(Illuminate/Http/Request))
#23 C:/Users/Rurie/Downloads/coircraft-ph-newest/coircraft/backend/vendor/laravel/framework/src/Illuminate/Pipeline/Pipeline.php(209): Illuminate/Http/Middleware/HandleCors->handle(Object(Illuminate/Http/Request), Object(Closure))
#24 C:/Users/Rurie/Downloads/coircraft-ph-newest/coircraft/backend/vendor/laravel/framework/src/Illuminate/Http/Middleware/TrustProxies.php(58): Illuminate/Pipeline/Pipeline->Illuminate/Pipeline/{closure}(Object(Illuminate/Http/Request))
#25 C:/Users/Rurie/Downloads/coircraft-ph-newest/coircraft/backend/vendor/laravel/framework/src/Illuminate/Pipeline/Pipeline.php(209): Illuminate/Http/Middleware/TrustProxies->handle(Object(Illuminate/Http/Request), Object(Closure))
#26 C:/Users/Rurie/Downloads/coircraft-ph-newest/coircraft/backend/vendor/laravel/framework/src/Illuminate/Foundation/Http/Middleware/InvokeDeferredCallbacks.php(22): Illuminate/Pipeline/Pipeline->Illuminate/Pipeline/{closure}(Object(Illuminate/Http/Request))
#27 C:/Users/Rurie/Downloads/coircraft-ph-newest/coircraft/backend/vendor/laravel/framework/src/Illuminate/Pipeline/Pipeline.php(209): Illuminate/Foundation/Http/Middleware/InvokeDeferredCallbacks->handle(Object(Illuminate/Http/Request), Object(Closure))
#28 C:/Users/Rurie/Downloads/coircraft-ph-newest/coircraft/backend/vendor/laravel/framework/src/Illuminate/Pipeline/Pipeline.php(127): Illuminate/Pipeline/Pipeline->Illuminate/Pipeline/{closure}(Object(Illuminate/Http/Request))
#29 C:/Users/Rurie/Downloads/coircraft-ph-newest/coircraft/backend/vendor/laravel/framework/src/Illuminate/Foundation/Http/Kernel.php(176): Illuminate/Pipeline/Pipeline->then(Object(Closure))
#30 C:/Users/Rurie/Downloads/coircraft-ph-newest/coircraft/backend/vendor/laravel/framework/src/Illuminate/Foundation/Http/Kernel.php(145): Illuminate/Foundation/Http/Kernel->sendRequestThroughRouter(Object(Illuminate/Http/Request))
#31 C:/Users/Rurie/Downloads/coircraft-ph-newest/coircraft/backend/vendor/laravel/framework/src/Illuminate/Foundation/Application.php(1220): Illuminate/Foundation/Http/Kernel->handle(Object(Illuminate/Http/Request))
#32 C:/Users/Rurie/Downloads/coircraft-ph-newest/coircraft/backend/public/index.php(10): Illuminate/Foundation/Application->handleRequest(Object(Illuminate/Http/Request))
#33 C:/Users/Rurie/Downloads/coircraft-ph-newest/coircraft/backend/vendor/laravel/framework/src/Illuminate/Foundation/resources/server.php(23): require_once('C://Users//Rurie//...')
#34 {main}
"} 
[2026-03-24 09:10:27] local.ERROR: Class "App\Http\Controllers\Controller" not found {"exception":"[object] (Error(code: 0): Class \"App\\Http\\Controllers\\Controller\" not found at C:/Users/Rurie/Downloads/coircraft-ph-newest/coircraft/backend/app/Http/Controllers/Api/AuthController.php:9)
[stacktrace]
#0 C:/Users/Rurie/Downloads/coircraft-ph-newest/coircraft/backend/vendor/composer/ClassLoader.php(576): include()
#1 C:/Users/Rurie/Downloads/coircraft-ph-newest/coircraft/backend/vendor/composer/ClassLoader.php(427): Composer/Autoload/{closure}('C://Users//Rurie//...')
#2 [internal function]: Composer/Autoload/ClassLoader->loadClass('App//Http//Contro...')
#3 C:/Users/Rurie/Downloads/coircraft-ph-newest/coircraft/backend/vendor/laravel/framework/src/Illuminate/Routing/Route.php(1117): is_a('App//Http//Contro...', 'Illuminate//Rout...', true)
#4 C:/Users/Rurie/Downloads/coircraft-ph-newest/coircraft/backend/vendor/laravel/framework/src/Illuminate/Routing/Route.php(1054): Illuminate/Routing/Route->controllerMiddleware()
#5 C:/Users/Rurie/Downloads/coircraft-ph-newest/coircraft/backend/vendor/laravel/framework/src/Illuminate/Routing/Router.php(820): Illuminate/Routing/Route->gatherMiddleware()
#6 C:/Users/Rurie/Downloads/coircraft-ph-newest/coircraft/backend/vendor/laravel/framework/src/Illuminate/Routing/Router.php(802): Illuminate/Routing/Router->gatherRouteMiddleware(Object(Illuminate/Routing/Route))
#7 C:/Users/Rurie/Downloads/coircraft-ph-newest/coircraft/backend/vendor/laravel/framework/src/Illuminate/Routing/Router.php(786): Illuminate/Routing/Router->runRouteWithinStack(Object(Illuminate/Routing/Route), Object(Illuminate/Http/Request))
#8 C:/Users/Rurie/Downloads/coircraft-ph-newest/coircraft/backend/vendor/laravel/framework/src/Illuminate/Routing/Router.php(750): Illuminate/Routing/Router->runRoute(Object(Illuminate/Http/Request), Object(Illuminate/Routing/Route))
#9 C:/Users/Rurie/Downloads/coircraft-ph-newest/coircraft/backend/vendor/laravel/framework/src/Illuminate/Routing/Router.php(739): Illuminate/Routing/Router->dispatchToRoute(Object(Illuminate/Http/Request))
#10 C:/Users/Rurie/Downloads/coircraft-ph-newest/coircraft/backend/vendor/laravel/framework/src/Illuminate/Foundation/Http/Kernel.php(201): Illuminate/Routing/Router->dispatch(Object(Illuminate/Http/Request))
#11 C:/Users/Rurie/Downloads/coircraft-ph-newest/coircraft/backend/vendor/laravel/framework/src/Illuminate/Pipeline/Pipeline.php(170): Illuminate/Foundation/Http/Kernel->Illuminate/Foundation/Http/{closure}(Object(Illuminate/Http/Request))
#12 C:/Users/Rurie/Downloads/coircraft-ph-newest/coircraft/backend/vendor/laravel/framework/src/Illuminate/Foundation/Http/Middleware/TransformsRequest.php(21): Illuminate/Pipeline/Pipeline->Illuminate/Pipeline/{closure}(Object(Illuminate/Http/Request))
#13 C:/Users/Rurie/Downloads/coircraft-ph-newest/coircraft/backend/vendor/laravel/framework/src/Illuminate/Foundation/Http/Middleware/ConvertEmptyStringsToNull.php(31): Illuminate/Foundation/Http/Middleware/TransformsRequest->handle(Object(Illuminate/Http/Request), Object(Closure))
#14 C:/Users/Rurie/Downloads/coircraft-ph-newest/coircraft/backend/vendor/laravel/framework/src/Illuminate/Pipeline/Pipeline.php(209): Illuminate/Foundation/Http/Middleware/ConvertEmptyStringsToNull->handle(Object(Illuminate/Http/Request), Object(Closure))
#15 C:/Users/Rurie/Downloads/coircraft-ph-newest/coircraft/backend/vendor/laravel/framework/src/Illuminate/Foundation/Http/Middleware/TransformsRequest.php(21): Illuminate/Pipeline/Pipeline->Illuminate/Pipeline/{closure}(Object(Illuminate/Http/Request))
#16 C:/Users/Rurie/Downloads/coircraft-ph-newest/coircraft/backend/vendor/laravel/framework/src/Illuminate/Foundation/Http/Middleware/TrimStrings.php(51): Illuminate/Foundation/Http/Middleware/TransformsRequest->handle(Object(Illuminate/Http/Request), Object(Closure))
#17 C:/Users/Rurie/Downloads/coircraft-ph-newest/coircraft/backend/vendor/laravel/framework/src/Illuminate/Pipeline/Pipeline.php(209): Illuminate/Foundation/Http/Middleware/TrimStrings->handle(Object(Illuminate/Http/Request), Object(Closure))
#18 C:/Users/Rurie/Downloads/coircraft-ph-newest/coircraft/backend/vendor/laravel/framework/src/Illuminate/Http/Middleware/ValidatePostSize.php(27): Illuminate/Pipeline/Pipeline->Illuminate/Pipeline/{closure}(Object(Illuminate/Http/Request))
#19 C:/Users/Rurie/Downloads/coircraft-ph-newest/coircraft/backend/vendor/laravel/framework/src/Illuminate/Pipeline/Pipeline.php(209): Illuminate/Http/Middleware/ValidatePostSize->handle(Object(Illuminate/Http/Request), Object(Closure))
#20 C:/Users/Rurie/Downloads/coircraft-ph-newest/coircraft/backend/vendor/laravel/framework/src/Illuminate/Foundation/Http/Middleware/PreventRequestsDuringMaintenance.php(110): Illuminate/Pipeline/Pipeline->Illuminate/Pipeline/{closure}(Object(Illuminate/Http/Request))
#21 C:/Users/Rurie/Downloads/coircraft-ph-newest/coircraft/backend/vendor/laravel/framework/src/Illuminate/Pipeline/Pipeline.php(209): Illuminate/Foundation/Http/Middleware/PreventRequestsDuringMaintenance->handle(Object(Illuminate/Http/Request), Object(Closure))
#22 C:/Users/Rurie/Downloads/coircraft-ph-newest/coircraft/backend/vendor/laravel/framework/src/Illuminate/Http/Middleware/HandleCors.php(62): Illuminate/Pipeline/Pipeline->Illuminate/Pipeline/{closure}(Object(Illuminate/Http/Request))
#23 C:/Users/Rurie/Downloads/coircraft-ph-newest/coircraft/backend/vendor/laravel/framework/src/Illuminate/Pipeline/Pipeline.php(209): Illuminate/Http/Middleware/HandleCors->handle(Object(Illuminate/Http/Request), Object(Closure))
#24 C:/Users/Rurie/Downloads/coircraft-ph-newest/coircraft/backend/vendor/laravel/framework/src/Illuminate/Http/Middleware/TrustProxies.php(58): Illuminate/Pipeline/Pipeline->Illuminate/Pipeline/{closure}(Object(Illuminate/Http/Request))
#25 C:/Users/Rurie/Downloads/coircraft-ph-newest/coircraft/backend/vendor/laravel/framework/src/Illuminate/Pipeline/Pipeline.php(209): Illuminate/Http/Middleware/TrustProxies->handle(Object(Illuminate/Http/Request), Object(Closure))
#26 C:/Users/Rurie/Downloads/coircraft-ph-newest/coircraft/backend/vendor/laravel/framework/src/Illuminate/Foundation/Http/Middleware/InvokeDeferredCallbacks.php(22): Illuminate/Pipeline/Pipeline->Illuminate/Pipeline/{closure}(Object(Illuminate/Http/Request))
#27 C:/Users/Rurie/Downloads/coircraft-ph-newest/coircraft/backend/vendor/laravel/framework/src/Illuminate/Pipeline/Pipeline.php(209): Illuminate/Foundation/Http/Middleware/InvokeDeferredCallbacks->handle(Object(Illuminate/Http/Request), Object(Closure))
#28 C:/Users/Rurie/Downloads/coircraft-ph-newest/coircraft/backend/vendor/laravel/framework/src/Illuminate/Pipeline/Pipeline.php(127): Illuminate/Pipeline/Pipeline->Illuminate/Pipeline/{closure}(Object(Illuminate/Http/Request))
#29 C:/Users/Rurie/Downloads/coircraft-ph-newest/coircraft/backend/vendor/laravel/framework/src/Illuminate/Foundation/Http/Kernel.php(176): Illuminate/Pipeline/Pipeline->then(Object(Closure))
#30 C:/Users/Rurie/Downloads/coircraft-ph-newest/coircraft/backend/vendor/laravel/framework/src/Illuminate/Foundation/Http/Kernel.php(145): Illuminate/Foundation/Http/Kernel->sendRequestThroughRouter(Object(Illuminate/Http/Request))
#31 C:/Users/Rurie/Downloads/coircraft-ph-newest/coircraft/backend/vendor/laravel/framework/src/Illuminate/Foundation/Application.php(1220): Illuminate/Foundation/Http/Kernel->handle(Object(Illuminate/Http/Request))
#32 C:/Users/Rurie/Downloads/coircraft-ph-newest/coircraft/backend/public/index.php(10): Illuminate/Foundation/Application->handleRequest(Object(Illuminate/Http/Request))
#33 C:/Users/Rurie/Downloads/coircraft-ph-newest/coircraft/backend/vendor/laravel/framework/src/Illuminate/Foundation/resources/server.php(23): require_once('C://Users//Rurie//...')
#34 {main}
"} 
[2026-03-24 09:10:33] local.ERROR: Class "App\Http\Controllers\Controller" not found {"exception":"[object] (Error(code: 0): Class \"App\\Http\\Controllers\\Controller\" not found at C:/Users/Rurie/Downloads/coircraft-ph-newest/coircraft/backend/app/Http/Controllers/Api/AuthController.php:9)
[stacktrace]
#0 C:/Users/Rurie/Downloads/coircraft-ph-newest/coircraft/backend/vendor/composer/ClassLoader.php(576): include()
#1 C:/Users/Rurie/Downloads/coircraft-ph-newest/coircraft/backend/vendor/composer/ClassLoader.php(427): Composer/Autoload/{closure}('C://Users//Rurie//...')
#2 [internal function]: Composer/Autoload/ClassLoader->loadClass('App//Http//Contro...')
#3 C:/Users/Rurie/Downloads/coircraft-ph-newest/coircraft/backend/vendor/laravel/framework/src/Illuminate/Routing/Route.php(1117): is_a('App//Http//Contro...', 'Illuminate//Rout...', true)
#4 C:/Users/Rurie/Downloads/coircraft-ph-newest/coircraft/backend/vendor/laravel/framework/src/Illuminate/Routing/Route.php(1054): Illuminate/Routing/Route->controllerMiddleware()
#5 C:/Users/Rurie/Downloads/coircraft-ph-newest/coircraft/backend/vendor/laravel/framework/src/Illuminate/Routing/Router.php(820): Illuminate/Routing/Route->gatherMiddleware()
#6 C:/Users/Rurie/Downloads/coircraft-ph-newest/coircraft/backend/vendor/laravel/framework/src/Illuminate/Routing/Router.php(802): Illuminate/Routing/Router->gatherRouteMiddleware(Object(Illuminate/Routing/Route))
#7 C:/Users/Rurie/Downloads/coircraft-ph-newest/coircraft/backend/vendor/laravel/framework/src/Illuminate/Routing/Router.php(786): Illuminate/Routing/Router->runRouteWithinStack(Object(Illuminate/Routing/Route), Object(Illuminate/Http/Request))
#8 C:/Users/Rurie/Downloads/coircraft-ph-newest/coircraft/backend/vendor/laravel/framework/src/Illuminate/Routing/Router.php(750): Illuminate/Routing/Router->runRoute(Object(Illuminate/Http/Request), Object(Illuminate/Routing/Route))
#9 C:/Users/Rurie/Downloads/coircraft-ph-newest/coircraft/backend/vendor/laravel/framework/src/Illuminate/Routing/Router.php(739): Illuminate/Routing/Router->dispatchToRoute(Object(Illuminate/Http/Request))
#10 C:/Users/Rurie/Downloads/coircraft-ph-newest/coircraft/backend/vendor/laravel/framework/src/Illuminate/Foundation/Http/Kernel.php(201): Illuminate/Routing/Router->dispatch(Object(Illuminate/Http/Request))
#11 C:/Users/Rurie/Downloads/coircraft-ph-newest/coircraft/backend/vendor/laravel/framework/src/Illuminate/Pipeline/Pipeline.php(170): Illuminate/Foundation/Http/Kernel->Illuminate/Foundation/Http/{closure}(Object(Illuminate/Http/Request))
#12 C:/Users/Rurie/Downloads/coircraft-ph-newest/coircraft/backend/vendor/laravel/framework/src/Illuminate/Foundation/Http/Middleware/TransformsRequest.php(21): Illuminate/Pipeline/Pipeline->Illuminate/Pipeline/{closure}(Object(Illuminate/Http/Request))
#13 C:/Users/Rurie/Downloads/coircraft-ph-newest/coircraft/backend/vendor/laravel/framework/src/Illuminate/Foundation/Http/Middleware/ConvertEmptyStringsToNull.php(31): Illuminate/Foundation/Http/Middleware/TransformsRequest->handle(Object(Illuminate/Http/Request), Object(Closure))
#14 C:/Users/Rurie/Downloads/coircraft-ph-newest/coircraft/backend/vendor/laravel/framework/src/Illuminate/Pipeline/Pipeline.php(209): Illuminate/Foundation/Http/Middleware/ConvertEmptyStringsToNull->handle(Object(Illuminate/Http/Request), Object(Closure))
#15 C:/Users/Rurie/Downloads/coircraft-ph-newest/coircraft/backend/vendor/laravel/framework/src/Illuminate/Foundation/Http/Middleware/TransformsRequest.php(21): Illuminate/Pipeline/Pipeline->Illuminate/Pipeline/{closure}(Object(Illuminate/Http/Request))
#16 C:/Users/Rurie/Downloads/coircraft-ph-newest/coircraft/backend/vendor/laravel/framework/src/Illuminate/Foundation/Http/Middleware/TrimStrings.php(51): Illuminate/Foundation/Http/Middleware/TransformsRequest->handle(Object(Illuminate/Http/Request), Object(Closure))
#17 C:/Users/Rurie/Downloads/coircraft-ph-newest/coircraft/backend/vendor/laravel/framework/src/Illuminate/Pipeline/Pipeline.php(209): Illuminate/Foundation/Http/Middleware/TrimStrings->handle(Object(Illuminate/Http/Request), Object(Closure))
#18 C:/Users/Rurie/Downloads/coircraft-ph-newest/coircraft/backend/vendor/laravel/framework/src/Illuminate/Http/Middleware/ValidatePostSize.php(27): Illuminate/Pipeline/Pipeline->Illuminate/Pipeline/{closure}(Object(Illuminate/Http/Request))
#19 C:/Users/Rurie/Downloads/coircraft-ph-newest/coircraft/backend/vendor/laravel/framework/src/Illuminate/Pipeline/Pipeline.php(209): Illuminate/Http/Middleware/ValidatePostSize->handle(Object(Illuminate/Http/Request), Object(Closure))
#20 C:/Users/Rurie/Downloads/coircraft-ph-newest/coircraft/backend/vendor/laravel/framework/src/Illuminate/Foundation/Http/Middleware/PreventRequestsDuringMaintenance.php(110): Illuminate/Pipeline/Pipeline->Illuminate/Pipeline/{closure}(Object(Illuminate/Http/Request))
#21 C:/Users/Rurie/Downloads/coircraft-ph-newest/coircraft/backend/vendor/laravel/framework/src/Illuminate/Pipeline/Pipeline.php(209): Illuminate/Foundation/Http/Middleware/PreventRequestsDuringMaintenance->handle(Object(Illuminate/Http/Request), Object(Closure))
#22 C:/Users/Rurie/Downloads/coircraft-ph-newest/coircraft/backend/vendor/laravel/framework/src/Illuminate/Http/Middleware/HandleCors.php(62): Illuminate/Pipeline/Pipeline->Illuminate/Pipeline/{closure}(Object(Illuminate/Http/Request))
#23 C:/Users/Rurie/Downloads/coircraft-ph-newest/coircraft/backend/vendor/laravel/framework/src/Illuminate/Pipeline/Pipeline.php(209): Illuminate/Http/Middleware/HandleCors->handle(Object(Illuminate/Http/Request), Object(Closure))
#24 C:/Users/Rurie/Downloads/coircraft-ph-newest/coircraft/backend/vendor/laravel/framework/src/Illuminate/Http/Middleware/TrustProxies.php(58): Illuminate/Pipeline/Pipeline->Illuminate/Pipeline/{closure}(Object(Illuminate/Http/Request))
#25 C:/Users/Rurie/Downloads/coircraft-ph-newest/coircraft/backend/vendor/laravel/framework/src/Illuminate/Pipeline/Pipeline.php(209): Illuminate/Http/Middleware/TrustProxies->handle(Object(Illuminate/Http/Request), Object(Closure))
#26 C:/Users/Rurie/Downloads/coircraft-ph-newest/coircraft/backend/vendor/laravel/framework/src/Illuminate/Foundation/Http/Middleware/InvokeDeferredCallbacks.php(22): Illuminate/Pipeline/Pipeline->Illuminate/Pipeline/{closure}(Object(Illuminate/Http/Request))
#27 C:/Users/Rurie/Downloads/coircraft-ph-newest/coircraft/backend/vendor/laravel/framework/src/Illuminate/Pipeline/Pipeline.php(209): Illuminate/Foundation/Http/Middleware/InvokeDeferredCallbacks->handle(Object(Illuminate/Http/Request), Object(Closure))
#28 C:/Users/Rurie/Downloads/coircraft-ph-newest/coircraft/backend/vendor/laravel/framework/src/Illuminate/Pipeline/Pipeline.php(127): Illuminate/Pipeline/Pipeline->Illuminate/Pipeline/{closure}(Object(Illuminate/Http/Request))
#29 C:/Users/Rurie/Downloads/coircraft-ph-newest/coircraft/backend/vendor/laravel/framework/src/Illuminate/Foundation/Http/Kernel.php(176): Illuminate/Pipeline/Pipeline->then(Object(Closure))
#30 C:/Users/Rurie/Downloads/coircraft-ph-newest/coircraft/backend/vendor/laravel/framework/src/Illuminate/Foundation/Http/Kernel.php(145): Illuminate/Foundation/Http/Kernel->sendRequestThroughRouter(Object(Illuminate/Http/Request))
#31 C:/Users/Rurie/Downloads/coircraft-ph-newest/coircraft/backend/vendor/laravel/framework/src/Illuminate/Foundation/Application.php(1220): Illuminate/Foundation/Http/Kernel->handle(Object(Illuminate/Http/Request))
#32 C:/Users/Rurie/Downloads/coircraft-ph-newest/coircraft/backend/public/index.php(10): Illuminate/Foundation/Application->handleRequest(Object(Illuminate/Http/Request))
#33 C:/Users/Rurie/Downloads/coircraft-ph-newest/coircraft/backend/vendor/laravel/framework/src/Illuminate/Foundation/resources/server.php(23): require_once('C://Users//Rurie//...')
#34 {main}
"} 
[2026-03-24 09:11:00] local.ERROR: Class "App\Http\Controllers\Controller" not found {"exception":"[object] (Error(code: 0): Class \"App\\Http\\Controllers\\Controller\" not found at C:/Users/Rurie/Downloads/coircraft-ph-newest/coircraft/backend/app/Http/Controllers/Api/AuthController.php:9)
[stacktrace]
#0 C:/Users/Rurie/Downloads/coircraft-ph-newest/coircraft/backend/vendor/composer/ClassLoader.php(576): include()
#1 C:/Users/Rurie/Downloads/coircraft-ph-newest/coircraft/backend/vendor/composer/ClassLoader.php(427): Composer/Autoload/{closure}('C://Users//Rurie//...')
#2 [internal function]: Composer/Autoload/ClassLoader->loadClass('App//Http//Contro...')
#3 C:/Users/Rurie/Downloads/coircraft-ph-newest/coircraft/backend/vendor/laravel/framework/src/Illuminate/Routing/Route.php(1117): is_a('App//Http//Contro...', 'Illuminate//Rout...', true)
#4 C:/Users/Rurie/Downloads/coircraft-ph-newest/coircraft/backend/vendor/laravel/framework/src/Illuminate/Routing/Route.php(1054): Illuminate/Routing/Route->controllerMiddleware()
#5 C:/Users/Rurie/Downloads/coircraft-ph-newest/coircraft/backend/vendor/laravel/framework/src/Illuminate/Routing/Router.php(820): Illuminate/Routing/Route->gatherMiddleware()
#6 C:/Users/Rurie/Downloads/coircraft-ph-newest/coircraft/backend/vendor/laravel/framework/src/Illuminate/Routing/Router.php(802): Illuminate/Routing/Router->gatherRouteMiddleware(Object(Illuminate/Routing/Route))
#7 C:/Users/Rurie/Downloads/coircraft-ph-newest/coircraft/backend/vendor/laravel/framework/src/Illuminate/Routing/Router.php(786): Illuminate/Routing/Router->runRouteWithinStack(Object(Illuminate/Routing/Route), Object(Illuminate/Http/Request))
#8 C:/Users/Rurie/Downloads/coircraft-ph-newest/coircraft/backend/vendor/laravel/framework/src/Illuminate/Routing/Router.php(750): Illuminate/Routing/Router->runRoute(Object(Illuminate/Http/Request), Object(Illuminate/Routing/Route))
#9 C:/Users/Rurie/Downloads/coircraft-ph-newest/coircraft/backend/vendor/laravel/framework/src/Illuminate/Routing/Router.php(739): Illuminate/Routing/Router->dispatchToRoute(Object(Illuminate/Http/Request))
#10 C:/Users/Rurie/Downloads/coircraft-ph-newest/coircraft/backend/vendor/laravel/framework/src/Illuminate/Foundation/Http/Kernel.php(201): Illuminate/Routing/Router->dispatch(Object(Illuminate/Http/Request))
#11 C:/Users/Rurie/Downloads/coircraft-ph-newest/coircraft/backend/vendor/laravel/framework/src/Illuminate/Pipeline/Pipeline.php(170): Illuminate/Foundation/Http/Kernel->Illuminate/Foundation/Http/{closure}(Object(Illuminate/Http/Request))
#12 C:/Users/Rurie/Downloads/coircraft-ph-newest/coircraft/backend/vendor/laravel/framework/src/Illuminate/Foundation/Http/Middleware/TransformsRequest.php(21): Illuminate/Pipeline/Pipeline->Illuminate/Pipeline/{closure}(Object(Illuminate/Http/Request))
#13 C:/Users/Rurie/Downloads/coircraft-ph-newest/coircraft/backend/vendor/laravel/framework/src/Illuminate/Foundation/Http/Middleware/ConvertEmptyStringsToNull.php(31): Illuminate/Foundation/Http/Middleware/TransformsRequest->handle(Object(Illuminate/Http/Request), Object(Closure))
#14 C:/Users/Rurie/Downloads/coircraft-ph-newest/coircraft/backend/vendor/laravel/framework/src/Illuminate/Pipeline/Pipeline.php(209): Illuminate/Foundation/Http/Middleware/ConvertEmptyStringsToNull->handle(Object(Illuminate/Http/Request), Object(Closure))
#15 C:/Users/Rurie/Downloads/coircraft-ph-newest/coircraft/backend/vendor/laravel/framework/src/Illuminate/Foundation/Http/Middleware/TransformsRequest.php(21): Illuminate/Pipeline/Pipeline->Illuminate/Pipeline/{closure}(Object(Illuminate/Http/Request))
#16 C:/Users/Rurie/Downloads/coircraft-ph-newest/coircraft/backend/vendor/laravel/framework/src/Illuminate/Foundation/Http/Middleware/TrimStrings.php(51): Illuminate/Foundation/Http/Middleware/TransformsRequest->handle(Object(Illuminate/Http/Request), Object(Closure))
#17 C:/Users/Rurie/Downloads/coircraft-ph-newest/coircraft/backend/vendor/laravel/framework/src/Illuminate/Pipeline/Pipeline.php(209): Illuminate/Foundation/Http/Middleware/TrimStrings->handle(Object(Illuminate/Http/Request), Object(Closure))
#18 C:/Users/Rurie/Downloads/coircraft-ph-newest/coircraft/backend/vendor/laravel/framework/src/Illuminate/Http/Middleware/ValidatePostSize.php(27): Illuminate/Pipeline/Pipeline->Illuminate/Pipeline/{closure}(Object(Illuminate/Http/Request))
#19 C:/Users/Rurie/Downloads/coircraft-ph-newest/coircraft/backend/vendor/laravel/framework/src/Illuminate/Pipeline/Pipeline.php(209): Illuminate/Http/Middleware/ValidatePostSize->handle(Object(Illuminate/Http/Request), Object(Closure))
#20 C:/Users/Rurie/Downloads/coircraft-ph-newest/coircraft/backend/vendor/laravel/framework/src/Illuminate/Foundation/Http/Middleware/PreventRequestsDuringMaintenance.php(110): Illuminate/Pipeline/Pipeline->Illuminate/Pipeline/{closure}(Object(Illuminate/Http/Request))
#21 C:/Users/Rurie/Downloads/coircraft-ph-newest/coircraft/backend/vendor/laravel/framework/src/Illuminate/Pipeline/Pipeline.php(209): Illuminate/Foundation/Http/Middleware/PreventRequestsDuringMaintenance->handle(Object(Illuminate/Http/Request), Object(Closure))
#22 C:/Users/Rurie/Downloads/coircraft-ph-newest/coircraft/backend/vendor/laravel/framework/src/Illuminate/Http/Middleware/HandleCors.php(62): Illuminate/Pipeline/Pipeline->Illuminate/Pipeline/{closure}(Object(Illuminate/Http/Request))
#23 C:/Users/Rurie/Downloads/coircraft-ph-newest/coircraft/backend/vendor/laravel/framework/src/Illuminate/Pipeline/Pipeline.php(209): Illuminate/Http/Middleware/HandleCors->handle(Object(Illuminate/Http/Request), Object(Closure))
#24 C:/Users/Rurie/Downloads/coircraft-ph-newest/coircraft/backend/vendor/laravel/framework/src/Illuminate/Http/Middleware/TrustProxies.php(58): Illuminate/Pipeline/Pipeline->Illuminate/Pipeline/{closure}(Object(Illuminate/Http/Request))
#25 C:/Users/Rurie/Downloads/coircraft-ph-newest/coircraft/backend/vendor/laravel/framework/src/Illuminate/Pipeline/Pipeline.php(209): Illuminate/Http/Middleware/TrustProxies->handle(Object(Illuminate/Http/Request), Object(Closure))
#26 C:/Users/Rurie/Downloads/coircraft-ph-newest/coircraft/backend/vendor/laravel/framework/src/Illuminate/Foundation/Http/Middleware/InvokeDeferredCallbacks.php(22): Illuminate/Pipeline/Pipeline->Illuminate/Pipeline/{closure}(Object(Illuminate/Http/Request))
#27 C:/Users/Rurie/Downloads/coircraft-ph-newest/coircraft/backend/vendor/laravel/framework/src/Illuminate/Pipeline/Pipeline.php(209): Illuminate/Foundation/Http/Middleware/InvokeDeferredCallbacks->handle(Object(Illuminate/Http/Request), Object(Closure))
#28 C:/Users/Rurie/Downloads/coircraft-ph-newest/coircraft/backend/vendor/laravel/framework/src/Illuminate/Pipeline/Pipeline.php(127): Illuminate/Pipeline/Pipeline->Illuminate/Pipeline/{closure}(Object(Illuminate/Http/Request))
#29 C:/Users/Rurie/Downloads/coircraft-ph-newest/coircraft/backend/vendor/laravel/framework/src/Illuminate/Foundation/Http/Kernel.php(176): Illuminate/Pipeline/Pipeline->then(Object(Closure))
#30 C:/Users/Rurie/Downloads/coircraft-ph-newest/coircraft/backend/vendor/laravel/framework/src/Illuminate/Foundation/Http/Kernel.php(145): Illuminate/Foundation/Http/Kernel->sendRequestThroughRouter(Object(Illuminate/Http/Request))
#31 C:/Users/Rurie/Downloads/coircraft-ph-newest/coircraft/backend/vendor/laravel/framework/src/Illuminate/Foundation/Application.php(1220): Illuminate/Foundation/Http/Kernel->handle(Object(Illuminate/Http/Request))
#32 C:/Users/Rurie/Downloads/coircraft-ph-newest/coircraft/backend/public/index.php(10): Illuminate/Foundation/Application->handleRequest(Object(Illuminate/Http/Request))
#33 C:/Users/Rurie/Downloads/coircraft-ph-newest/coircraft/backend/vendor/laravel/framework/src/Illuminate/Foundation/resources/server.php(23): require_once('C://Users//Rurie//...')
#34 {main}
"} 
[2026-03-24 09:11:08] local.ERROR: Class "App\Http\Controllers\Controller" not found {"exception":"[object] (Error(code: 0): Class \"App\\Http\\Controllers\\Controller\" not found at C:/Users/Rurie/Downloads/coircraft-ph-newest/coircraft/backend/app/Http/Controllers/Api/AuthController.php:9)
[stacktrace]
#0 C:/Users/Rurie/Downloads/coircraft-ph-newest/coircraft/backend/vendor/composer/ClassLoader.php(576): include()
#1 C:/Users/Rurie/Downloads/coircraft-ph-newest/coircraft/backend/vendor/composer/ClassLoader.php(427): Composer/Autoload/{closure}('C://Users//Rurie//...')
#2 [internal function]: Composer/Autoload/ClassLoader->loadClass('App//Http//Contro...')
#3 C:/Users/Rurie/Downloads/coircraft-ph-newest/coircraft/backend/vendor/laravel/framework/src/Illuminate/Routing/Route.php(1117): is_a('App//Http//Contro...', 'Illuminate//Rout...', true)
#4 C:/Users/Rurie/Downloads/coircraft-ph-newest/coircraft/backend/vendor/laravel/framework/src/Illuminate/Routing/Route.php(1054): Illuminate/Routing/Route->controllerMiddleware()
#5 C:/Users/Rurie/Downloads/coircraft-ph-newest/coircraft/backend/vendor/laravel/framework/src/Illuminate/Routing/Router.php(820): Illuminate/Routing/Route->gatherMiddleware()
#6 C:/Users/Rurie/Downloads/coircraft-ph-newest/coircraft/backend/vendor/laravel/framework/src/Illuminate/Routing/Router.php(802): Illuminate/Routing/Router->gatherRouteMiddleware(Object(Illuminate/Routing/Route))
#7 C:/Users/Rurie/Downloads/coircraft-ph-newest/coircraft/backend/vendor/laravel/framework/src/Illuminate/Routing/Router.php(786): Illuminate/Routing/Router->runRouteWithinStack(Object(Illuminate/Routing/Route), Object(Illuminate/Http/Request))
#8 C:/Users/Rurie/Downloads/coircraft-ph-newest/coircraft/backend/vendor/laravel/framework/src/Illuminate/Routing/Router.php(750): Illuminate/Routing/Router->runRoute(Object(Illuminate/Http/Request), Object(Illuminate/Routing/Route))
#9 C:/Users/Rurie/Downloads/coircraft-ph-newest/coircraft/backend/vendor/laravel/framework/src/Illuminate/Routing/Router.php(739): Illuminate/Routing/Router->dispatchToRoute(Object(Illuminate/Http/Request))
#10 C:/Users/Rurie/Downloads/coircraft-ph-newest/coircraft/backend/vendor/laravel/framework/src/Illuminate/Foundation/Http/Kernel.php(201): Illuminate/Routing/Router->dispatch(Object(Illuminate/Http/Request))
#11 C:/Users/Rurie/Downloads/coircraft-ph-newest/coircraft/backend/vendor/laravel/framework/src/Illuminate/Pipeline/Pipeline.php(170): Illuminate/Foundation/Http/Kernel->Illuminate/Foundation/Http/{closure}(Object(Illuminate/Http/Request))
#12 C:/Users/Rurie/Downloads/coircraft-ph-newest/coircraft/backend/vendor/laravel/framework/src/Illuminate/Foundation/Http/Middleware/TransformsRequest.php(21): Illuminate/Pipeline/Pipeline->Illuminate/Pipeline/{closure}(Object(Illuminate/Http/Request))
#13 C:/Users/Rurie/Downloads/coircraft-ph-newest/coircraft/backend/vendor/laravel/framework/src/Illuminate/Foundation/Http/Middleware/ConvertEmptyStringsToNull.php(31): Illuminate/Foundation/Http/Middleware/TransformsRequest->handle(Object(Illuminate/Http/Request), Object(Closure))
#14 C:/Users/Rurie/Downloads/coircraft-ph-newest/coircraft/backend/vendor/laravel/framework/src/Illuminate/Pipeline/Pipeline.php(209): Illuminate/Foundation/Http/Middleware/ConvertEmptyStringsToNull->handle(Object(Illuminate/Http/Request), Object(Closure))
#15 C:/Users/Rurie/Downloads/coircraft-ph-newest/coircraft/backend/vendor/laravel/framework/src/Illuminate/Foundation/Http/Middleware/TransformsRequest.php(21): Illuminate/Pipeline/Pipeline->Illuminate/Pipeline/{closure}(Object(Illuminate/Http/Request))
#16 C:/Users/Rurie/Downloads/coircraft-ph-newest/coircraft/backend/vendor/laravel/framework/src/Illuminate/Foundation/Http/Middleware/TrimStrings.php(51): Illuminate/Foundation/Http/Middleware/TransformsRequest->handle(Object(Illuminate/Http/Request), Object(Closure))
#17 C:/Users/Rurie/Downloads/coircraft-ph-newest/coircraft/backend/vendor/laravel/framework/src/Illuminate/Pipeline/Pipeline.php(209): Illuminate/Foundation/Http/Middleware/TrimStrings->handle(Object(Illuminate/Http/Request), Object(Closure))
#18 C:/Users/Rurie/Downloads/coircraft-ph-newest/coircraft/backend/vendor/laravel/framework/src/Illuminate/Http/Middleware/ValidatePostSize.php(27): Illuminate/Pipeline/Pipeline->Illuminate/Pipeline/{closure}(Object(Illuminate/Http/Request))
#19 C:/Users/Rurie/Downloads/coircraft-ph-newest/coircraft/backend/vendor/laravel/framework/src/Illuminate/Pipeline/Pipeline.php(209): Illuminate/Http/Middleware/ValidatePostSize->handle(Object(Illuminate/Http/Request), Object(Closure))
#20 C:/Users/Rurie/Downloads/coircraft-ph-newest/coircraft/backend/vendor/laravel/framework/src/Illuminate/Foundation/Http/Middleware/PreventRequestsDuringMaintenance.php(110): Illuminate/Pipeline/Pipeline->Illuminate/Pipeline/{closure}(Object(Illuminate/Http/Request))
#21 C:/Users/Rurie/Downloads/coircraft-ph-newest/coircraft/backend/vendor/laravel/framework/src/Illuminate/Pipeline/Pipeline.php(209): Illuminate/Foundation/Http/Middleware/PreventRequestsDuringMaintenance->handle(Object(Illuminate/Http/Request), Object(Closure))
#22 C:/Users/Rurie/Downloads/coircraft-ph-newest/coircraft/backend/vendor/laravel/framework/src/Illuminate/Http/Middleware/HandleCors.php(62): Illuminate/Pipeline/Pipeline->Illuminate/Pipeline/{closure}(Object(Illuminate/Http/Request))
#23 C:/Users/Rurie/Downloads/coircraft-ph-newest/coircraft/backend/vendor/laravel/framework/src/Illuminate/Pipeline/Pipeline.php(209): Illuminate/Http/Middleware/HandleCors->handle(Object(Illuminate/Http/Request), Object(Closure))
#24 C:/Users/Rurie/Downloads/coircraft-ph-newest/coircraft/backend/vendor/laravel/framework/src/Illuminate/Http/Middleware/TrustProxies.php(58): Illuminate/Pipeline/Pipeline->Illuminate/Pipeline/{closure}(Object(Illuminate/Http/Request))
#25 C:/Users/Rurie/Downloads/coircraft-ph-newest/coircraft/backend/vendor/laravel/framework/src/Illuminate/Pipeline/Pipeline.php(209): Illuminate/Http/Middleware/TrustProxies->handle(Object(Illuminate/Http/Request), Object(Closure))
#26 C:/Users/Rurie/Downloads/coircraft-ph-newest/coircraft/backend/vendor/laravel/framework/src/Illuminate/Foundation/Http/Middleware/InvokeDeferredCallbacks.php(22): Illuminate/Pipeline/Pipeline->Illuminate/Pipeline/{closure}(Object(Illuminate/Http/Request))
#27 C:/Users/Rurie/Downloads/coircraft-ph-newest/coircraft/backend/vendor/laravel/framework/src/Illuminate/Pipeline/Pipeline.php(209): Illuminate/Foundation/Http/Middleware/InvokeDeferredCallbacks->handle(Object(Illuminate/Http/Request), Object(Closure))
#28 C:/Users/Rurie/Downloads/coircraft-ph-newest/coircraft/backend/vendor/laravel/framework/src/Illuminate/Pipeline/Pipeline.php(127): Illuminate/Pipeline/Pipeline->Illuminate/Pipeline/{closure}(Object(Illuminate/Http/Request))
#29 C:/Users/Rurie/Downloads/coircraft-ph-newest/coircraft/backend/vendor/laravel/framework/src/Illuminate/Foundation/Http/Kernel.php(176): Illuminate/Pipeline/Pipeline->then(Object(Closure))
#30 C:/Users/Rurie/Downloads/coircraft-ph-newest/coircraft/backend/vendor/laravel/framework/src/Illuminate/Foundation/Http/Kernel.php(145): Illuminate/Foundation/Http/Kernel->sendRequestThroughRouter(Object(Illuminate/Http/Request))
#31 C:/Users/Rurie/Downloads/coircraft-ph-newest/coircraft/backend/vendor/laravel/framework/src/Illuminate/Foundation/Application.php(1220): Illuminate/Foundation/Http/Kernel->handle(Object(Illuminate/Http/Request))
#32 C:/Users/Rurie/Downloads/coircraft-ph-newest/coircraft/backend/public/index.php(10): Illuminate/Foundation/Application->handleRequest(Object(Illuminate/Http/Request))
#33 C:/Users/Rurie/Downloads/coircraft-ph-newest/coircraft/backend/vendor/laravel/framework/src/Illuminate/Foundation/resources/server.php(23): require_once('C://Users//Rurie//...')
#34 {main}
"} 
[2026-03-24 09:11:26] local.ERROR: Class "App\Http\Controllers\Controller" not found {"exception":"[object] (Error(code: 0): Class \"App\\Http\\Controllers\\Controller\" not found at C:/Users/Rurie/Downloads/coircraft-ph-newest/coircraft/backend/app/Http/Controllers/Api/SellerAuthController.php:9)
[stacktrace]
#0 C:/Users/Rurie/Downloads/coircraft-ph-newest/coircraft/backend/vendor/composer/ClassLoader.php(576): include()
#1 C:/Users/Rurie/Downloads/coircraft-ph-newest/coircraft/backend/vendor/composer/ClassLoader.php(427): Composer/Autoload/{closure}('C://Users//Rurie//...')
#2 [internal function]: Composer/Autoload/ClassLoader->loadClass('App//Http//Contro...')
#3 C:/Users/Rurie/Downloads/coircraft-ph-newest/coircraft/backend/vendor/laravel/framework/src/Illuminate/Routing/Route.php(1117): is_a('App//Http//Contro...', 'Illuminate//Rout...', true)
#4 C:/Users/Rurie/Downloads/coircraft-ph-newest/coircraft/backend/vendor/laravel/framework/src/Illuminate/Routing/Route.php(1054): Illuminate/Routing/Route->controllerMiddleware()
#5 C:/Users/Rurie/Downloads/coircraft-ph-newest/coircraft/backend/vendor/laravel/framework/src/Illuminate/Routing/Router.php(820): Illuminate/Routing/Route->gatherMiddleware()
#6 C:/Users/Rurie/Downloads/coircraft-ph-newest/coircraft/backend/vendor/laravel/framework/src/Illuminate/Routing/Router.php(802): Illuminate/Routing/Router->gatherRouteMiddleware(Object(Illuminate/Routing/Route))
#7 C:/Users/Rurie/Downloads/coircraft-ph-newest/coircraft/backend/vendor/laravel/framework/src/Illuminate/Routing/Router.php(786): Illuminate/Routing/Router->runRouteWithinStack(Object(Illuminate/Routing/Route), Object(Illuminate/Http/Request))
#8 C:/Users/Rurie/Downloads/coircraft-ph-newest/coircraft/backend/vendor/laravel/framework/src/Illuminate/Routing/Router.php(750): Illuminate/Routing/Router->runRoute(Object(Illuminate/Http/Request), Object(Illuminate/Routing/Route))
#9 C:/Users/Rurie/Downloads/coircraft-ph-newest/coircraft/backend/vendor/laravel/framework/src/Illuminate/Routing/Router.php(739): Illuminate/Routing/Router->dispatchToRoute(Object(Illuminate/Http/Request))
#10 C:/Users/Rurie/Downloads/coircraft-ph-newest/coircraft/backend/vendor/laravel/framework/src/Illuminate/Foundation/Http/Kernel.php(201): Illuminate/Routing/Router->dispatch(Object(Illuminate/Http/Request))
#11 C:/Users/Rurie/Downloads/coircraft-ph-newest/coircraft/backend/vendor/laravel/framework/src/Illuminate/Pipeline/Pipeline.php(170): Illuminate/Foundation/Http/Kernel->Illuminate/Foundation/Http/{closure}(Object(Illuminate/Http/Request))
#12 C:/Users/Rurie/Downloads/coircraft-ph-newest/coircraft/backend/vendor/laravel/framework/src/Illuminate/Foundation/Http/Middleware/TransformsRequest.php(21): Illuminate/Pipeline/Pipeline->Illuminate/Pipeline/{closure}(Object(Illuminate/Http/Request))
#13 C:/Users/Rurie/Downloads/coircraft-ph-newest/coircraft/backend/vendor/laravel/framework/src/Illuminate/Foundation/Http/Middleware/ConvertEmptyStringsToNull.php(31): Illuminate/Foundation/Http/Middleware/TransformsRequest->handle(Object(Illuminate/Http/Request), Object(Closure))
#14 C:/Users/Rurie/Downloads/coircraft-ph-newest/coircraft/backend/vendor/laravel/framework/src/Illuminate/Pipeline/Pipeline.php(209): Illuminate/Foundation/Http/Middleware/ConvertEmptyStringsToNull->handle(Object(Illuminate/Http/Request), Object(Closure))
#15 C:/Users/Rurie/Downloads/coircraft-ph-newest/coircraft/backend/vendor/laravel/framework/src/Illuminate/Foundation/Http/Middleware/TransformsRequest.php(21): Illuminate/Pipeline/Pipeline->Illuminate/Pipeline/{closure}(Object(Illuminate/Http/Request))
#16 C:/Users/Rurie/Downloads/coircraft-ph-newest/coircraft/backend/vendor/laravel/framework/src/Illuminate/Foundation/Http/Middleware/TrimStrings.php(51): Illuminate/Foundation/Http/Middleware/TransformsRequest->handle(Object(Illuminate/Http/Request), Object(Closure))
#17 C:/Users/Rurie/Downloads/coircraft-ph-newest/coircraft/backend/vendor/laravel/framework/src/Illuminate/Pipeline/Pipeline.php(209): Illuminate/Foundation/Http/Middleware/TrimStrings->handle(Object(Illuminate/Http/Request), Object(Closure))
#18 C:/Users/Rurie/Downloads/coircraft-ph-newest/coircraft/backend/vendor/laravel/framework/src/Illuminate/Http/Middleware/ValidatePostSize.php(27): Illuminate/Pipeline/Pipeline->Illuminate/Pipeline/{closure}(Object(Illuminate/Http/Request))
#19 C:/Users/Rurie/Downloads/coircraft-ph-newest/coircraft/backend/vendor/laravel/framework/src/Illuminate/Pipeline/Pipeline.php(209): Illuminate/Http/Middleware/ValidatePostSize->handle(Object(Illuminate/Http/Request), Object(Closure))
#20 C:/Users/Rurie/Downloads/coircraft-ph-newest/coircraft/backend/vendor/laravel/framework/src/Illuminate/Foundation/Http/Middleware/PreventRequestsDuringMaintenance.php(110): Illuminate/Pipeline/Pipeline->Illuminate/Pipeline/{closure}(Object(Illuminate/Http/Request))
#21 C:/Users/Rurie/Downloads/coircraft-ph-newest/coircraft/backend/vendor/laravel/framework/src/Illuminate/Pipeline/Pipeline.php(209): Illuminate/Foundation/Http/Middleware/PreventRequestsDuringMaintenance->handle(Object(Illuminate/Http/Request), Object(Closure))
#22 C:/Users/Rurie/Downloads/coircraft-ph-newest/coircraft/backend/vendor/laravel/framework/src/Illuminate/Http/Middleware/HandleCors.php(62): Illuminate/Pipeline/Pipeline->Illuminate/Pipeline/{closure}(Object(Illuminate/Http/Request))
#23 C:/Users/Rurie/Downloads/coircraft-ph-newest/coircraft/backend/vendor/laravel/framework/src/Illuminate/Pipeline/Pipeline.php(209): Illuminate/Http/Middleware/HandleCors->handle(Object(Illuminate/Http/Request), Object(Closure))
#24 C:/Users/Rurie/Downloads/coircraft-ph-newest/coircraft/backend/vendor/laravel/framework/src/Illuminate/Http/Middleware/TrustProxies.php(58): Illuminate/Pipeline/Pipeline->Illuminate/Pipeline/{closure}(Object(Illuminate/Http/Request))
#25 C:/Users/Rurie/Downloads/coircraft-ph-newest/coircraft/backend/vendor/laravel/framework/src/Illuminate/Pipeline/Pipeline.php(209): Illuminate/Http/Middleware/TrustProxies->handle(Object(Illuminate/Http/Request), Object(Closure))
#26 C:/Users/Rurie/Downloads/coircraft-ph-newest/coircraft/backend/vendor/laravel/framework/src/Illuminate/Foundation/Http/Middleware/InvokeDeferredCallbacks.php(22): Illuminate/Pipeline/Pipeline->Illuminate/Pipeline/{closure}(Object(Illuminate/Http/Request))
#27 C:/Users/Rurie/Downloads/coircraft-ph-newest/coircraft/backend/vendor/laravel/framework/src/Illuminate/Pipeline/Pipeline.php(209): Illuminate/Foundation/Http/Middleware/InvokeDeferredCallbacks->handle(Object(Illuminate/Http/Request), Object(Closure))
#28 C:/Users/Rurie/Downloads/coircraft-ph-newest/coircraft/backend/vendor/laravel/framework/src/Illuminate/Pipeline/Pipeline.php(127): Illuminate/Pipeline/Pipeline->Illuminate/Pipeline/{closure}(Object(Illuminate/Http/Request))
#29 C:/Users/Rurie/Downloads/coircraft-ph-newest/coircraft/backend/vendor/laravel/framework/src/Illuminate/Foundation/Http/Kernel.php(176): Illuminate/Pipeline/Pipeline->then(Object(Closure))
#30 C:/Users/Rurie/Downloads/coircraft-ph-newest/coircraft/backend/vendor/laravel/framework/src/Illuminate/Foundation/Http/Kernel.php(145): Illuminate/Foundation/Http/Kernel->sendRequestThroughRouter(Object(Illuminate/Http/Request))
#31 C:/Users/Rurie/Downloads/coircraft-ph-newest/coircraft/backend/vendor/laravel/framework/src/Illuminate/Foundation/Application.php(1220): Illuminate/Foundation/Http/Kernel->handle(Object(Illuminate/Http/Request))
#32 C:/Users/Rurie/Downloads/coircraft-ph-newest/coircraft/backend/public/index.php(10): Illuminate/Foundation/Application->handleRequest(Object(Illuminate/Http/Request))
#33 C:/Users/Rurie/Downloads/coircraft-ph-newest/coircraft/backend/vendor/laravel/framework/src/Illuminate/Foundation/resources/server.php(23): require_once('C://Users//Rurie//...')
#34 {main}
"} 
[2026-03-24 09:43:35] local.ERROR: SQLSTATE[23000]: Integrity constraint violation: 1062 Duplicate entry 'buyer@coircraft.ph' for key 'users_email_unique' (Connection: mysql, SQL: insert into `users` (`full_name`, `email`, `password`, `mobile_number`, `address`, `updated_at`, `created_at`) values (Juan dela Cruz, buyer@coircraft.ph, $2y$12$j/sAABqlDrWLfGRc6xxzQullGxtnX3O4ZMxdMSd98s4aXp.VQks.y, 09171234567, 123 Sampaguita St., Quezon City, Metro Manila, 2026-03-24 09:43:35, 2026-03-24 09:43:35)) {"exception":"[object] (Illuminate\\Database\\UniqueConstraintViolationException(code: 23000): SQLSTATE[23000]: Integrity constraint violation: 1062 Duplicate entry 'buyer@coircraft.ph' for key 'users_email_unique' (Connection: mysql, SQL: insert into `users` (`full_name`, `email`, `password`, `mobile_number`, `address`, `updated_at`, `created_at`) values (Juan dela Cruz, buyer@coircraft.ph, $2y$12$j/sAABqlDrWLfGRc6xxzQullGxtnX3O4ZMxdMSd98s4aXp.VQks.y, 09171234567, 123 Sampaguita St., Quezon City, Metro Manila, 2026-03-24 09:43:35, 2026-03-24 09:43:35)) at C:/Users/Rurie/Downloads/coircraft-ph-newest/coircraft/backend/vendor/laravel/framework/src/Illuminate/Database/Connection.php:820)
[stacktrace]
#0 C:/Users/Rurie/Downloads/coircraft-ph-newest/coircraft/backend/vendor/laravel/framework/src/Illuminate/Database/Connection.php(779): Illuminate/Database/Connection->runQueryCallback('insert into `us...', Array, Object(Closure))
#1 C:/Users/Rurie/Downloads/coircraft-ph-newest/coircraft/backend/vendor/laravel/framework/src/Illuminate/Database/MySqlConnection.php(42): Illuminate/Database/Connection->run('insert into `us...', Array, Object(Closure))
#2 C:/Users/Rurie/Downloads/coircraft-ph-newest/coircraft/backend/vendor/laravel/framework/src/Illuminate/Database/Query/Processors/MySqlProcessor.php(35): Illuminate/Database/MySqlConnection->insert('insert into `us...', Array, 'id')
#3 C:/Users/Rurie/Downloads/coircraft-ph-newest/coircraft/backend/vendor/laravel/framework/src/Illuminate/Database/Query/Builder.php(3766): Illuminate/Database/Query/Processors/MySqlProcessor->processInsertGetId(Object(Illuminate/Database/Query/Builder), 'insert into `us...', Array, 'id')
#4 C:/Users/Rurie/Downloads/coircraft-ph-newest/coircraft/backend/vendor/laravel/framework/src/Illuminate/Database/Eloquent/Builder.php(2120): Illuminate/Database/Query/Builder->insertGetId(Array, 'id')
#5 C:/Users/Rurie/Downloads/coircraft-ph-newest/coircraft/backend/vendor/laravel/framework/src/Illuminate/Database/Eloquent/Model.php(1359): Illuminate/Database/Eloquent/Builder->__call('insertGetId', Array)
#6 C:/Users/Rurie/Downloads/coircraft-ph-newest/coircraft/backend/vendor/laravel/framework/src/Illuminate/Database/Eloquent/Model.php(1324): Illuminate/Database/Eloquent/Model->insertAndSetId(Object(Illuminate/Database/Eloquent/Builder), Array)
#7 C:/Users/Rurie/Downloads/coircraft-ph-newest/coircraft/backend/vendor/laravel/framework/src/Illuminate/Database/Eloquent/Model.php(1163): Illuminate/Database/Eloquent/Model->performInsert(Object(Illuminate/Database/Eloquent/Builder))
#8 C:/Users/Rurie/Downloads/coircraft-ph-newest/coircraft/backend/vendor/laravel/framework/src/Illuminate/Database/Eloquent/Builder.php(1128): Illuminate/Database/Eloquent/Model->save()
#9 C:/Users/Rurie/Downloads/coircraft-ph-newest/coircraft/backend/vendor/laravel/framework/src/Illuminate/Support/helpers.php(399): Illuminate/Database/Eloquent/Builder->Illuminate/Database/Eloquent/{closure}(Object(App/Models/User))
#10 C:/Users/Rurie/Downloads/coircraft-ph-newest/coircraft/backend/vendor/laravel/framework/src/Illuminate/Database/Eloquent/Builder.php(1127): tap(Object(App/Models/User), Object(Closure))
#11 C:/Users/Rurie/Downloads/coircraft-ph-newest/coircraft/backend/vendor/laravel/framework/src/Illuminate/Support/Traits/ForwardsCalls.php(23): Illuminate/Database/Eloquent/Builder->create(Array)
#12 C:/Users/Rurie/Downloads/coircraft-ph-newest/coircraft/backend/vendor/laravel/framework/src/Illuminate/Database/Eloquent/Model.php(2372): Illuminate/Database/Eloquent/Model->forwardCallTo(Object(Illuminate/Database/Eloquent/Builder), 'create', Array)
#13 C:/Users/Rurie/Downloads/coircraft-ph-newest/coircraft/backend/vendor/laravel/framework/src/Illuminate/Database/Eloquent/Model.php(2384): Illuminate/Database/Eloquent/Model->__call('create', Array)
#14 C:/Users/Rurie/Downloads/coircraft-ph-newest/coircraft/backend/database/seeders/DatabaseSeeder.php(17): Illuminate/Database/Eloquent/Model::__callStatic('create', Array)
#15 C:/Users/Rurie/Downloads/coircraft-ph-newest/coircraft/backend/vendor/laravel/framework/src/Illuminate/Container/BoundMethod.php(36): Database/Seeders/DatabaseSeeder->run()
#16 C:/Users/Rurie/Downloads/coircraft-ph-newest/coircraft/backend/vendor/laravel/framework/src/Illuminate/Container/Util.php(43): Illuminate/Container/BoundMethod::Illuminate/Container/{closure}()
#17 C:/Users/Rurie/Downloads/coircraft-ph-newest/coircraft/backend/vendor/laravel/framework/src/Illuminate/Container/BoundMethod.php(95): Illuminate/Container/Util::unwrapIfClosure(Object(Closure))
#18 C:/Users/Rurie/Downloads/coircraft-ph-newest/coircraft/backend/vendor/laravel/framework/src/Illuminate/Container/BoundMethod.php(35): Illuminate/Container/BoundMethod::callBoundMethod(Object(Illuminate/Foundation/Application), Array, Object(Closure))
#19 C:/Users/Rurie/Downloads/coircraft-ph-newest/coircraft/backend/vendor/laravel/framework/src/Illuminate/Container/Container.php(696): Illuminate/Container/BoundMethod::call(Object(Illuminate/Foundation/Application), Array, Array, NULL)
#20 C:/Users/Rurie/Downloads/coircraft-ph-newest/coircraft/backend/vendor/laravel/framework/src/Illuminate/Database/Seeder.php(188): Illuminate/Container/Container->call(Array, Array)
#21 C:/Users/Rurie/Downloads/coircraft-ph-newest/coircraft/backend/vendor/laravel/framework/src/Illuminate/Database/Seeder.php(197): Illuminate/Database/Seeder->Illuminate/Database/{closure}()
#22 C:/Users/Rurie/Downloads/coircraft-ph-newest/coircraft/backend/vendor/laravel/framework/src/Illuminate/Database/Console/Seeds/SeedCommand.php(70): Illuminate/Database/Seeder->__invoke()
#23 C:/Users/Rurie/Downloads/coircraft-ph-newest/coircraft/backend/vendor/laravel/framework/src/Illuminate/Database/Eloquent/Concerns/GuardsAttributes.php(155): Illuminate/Database/Console/Seeds/SeedCommand->Illuminate/Database/Console/Seeds/{closure}()
#24 C:/Users/Rurie/Downloads/coircraft-ph-newest/coircraft/backend/vendor/laravel/framework/src/Illuminate/Database/Console/Seeds/SeedCommand.php(69): Illuminate/Database/Eloquent/Model::unguarded(Object(Closure))
#25 C:/Users/Rurie/Downloads/coircraft-ph-newest/coircraft/backend/vendor/laravel/framework/src/Illuminate/Container/BoundMethod.php(36): Illuminate/Database/Console/Seeds/SeedCommand->handle()
#26 C:/Users/Rurie/Downloads/coircraft-ph-newest/coircraft/backend/vendor/laravel/framework/src/Illuminate/Container/Util.php(43): Illuminate/Container/BoundMethod::Illuminate/Container/{closure}()
#27 C:/Users/Rurie/Downloads/coircraft-ph-newest/coircraft/backend/vendor/laravel/framework/src/Illuminate/Container/BoundMethod.php(95): Illuminate/Container/Util::unwrapIfClosure(Object(Closure))
#28 C:/Users/Rurie/Downloads/coircraft-ph-newest/coircraft/backend/vendor/laravel/framework/src/Illuminate/Container/BoundMethod.php(35): Illuminate/Container/BoundMethod::callBoundMethod(Object(Illuminate/Foundation/Application), Array, Object(Closure))
#29 C:/Users/Rurie/Downloads/coircraft-ph-newest/coircraft/backend/vendor/laravel/framework/src/Illuminate/Container/Container.php(696): Illuminate/Container/BoundMethod::call(Object(Illuminate/Foundation/Application), Array, Array, NULL)
#30 C:/Users/Rurie/Downloads/coircraft-ph-newest/coircraft/backend/vendor/laravel/framework/src/Illuminate/Console/Command.php(213): Illuminate/Container/Container->call(Array)
#31 C:/Users/Rurie/Downloads/coircraft-ph-newest/coircraft/backend/vendor/symfony/console/Command/Command.php(341): Illuminate/Console/Command->execute(Object(Symfony/Component/Console/Input/ArrayInput), Object(Illuminate/Console/OutputStyle))
#32 C:/Users/Rurie/Downloads/coircraft-ph-newest/coircraft/backend/vendor/laravel/framework/src/Illuminate/Console/Command.php(182): Symfony/Component/Console/Command/Command->run(Object(Symfony/Component/Console/Input/ArrayInput), Object(Illuminate/Console/OutputStyle))
#33 C:/Users/Rurie/Downloads/coircraft-ph-newest/coircraft/backend/vendor/laravel/framework/src/Illuminate/Console/Concerns/CallsCommands.php(68): Illuminate/Console/Command->run(Object(Symfony/Component/Console/Input/ArrayInput), Object(Illuminate/Console/OutputStyle))
#34 C:/Users/Rurie/Downloads/coircraft-ph-newest/coircraft/backend/vendor/laravel/framework/src/Illuminate/Console/Concerns/CallsCommands.php(29): Illuminate/Console/Command->runCommand('db:seed', Array, Object(Illuminate/Console/OutputStyle))
#35 C:/Users/Rurie/Downloads/coircraft-ph-newest/coircraft/backend/vendor/laravel/framework/src/Illuminate/Database/Console/Migrations/MigrateCommand.php(126): Illuminate/Console/Command->call('db:seed', Array)
#36 C:/Users/Rurie/Downloads/coircraft-ph-newest/coircraft/backend/vendor/laravel/framework/src/Illuminate/Database/Migrations/Migrator.php(658): Illuminate/Database/Console/Migrations/MigrateCommand->Illuminate/Database/Console/Migrations/{closure}()
#37 C:/Users/Rurie/Downloads/coircraft-ph-newest/coircraft/backend/vendor/laravel/framework/src/Illuminate/Database/Console/Migrations/MigrateCommand.php(110): Illuminate/Database/Migrations/Migrator->usingConnection(NULL, Object(Closure))
#38 C:/Users/Rurie/Downloads/coircraft-ph-newest/coircraft/backend/vendor/laravel/framework/src/Illuminate/Database/Console/Migrations/MigrateCommand.php(89): Illuminate/Database/Console/Migrations/MigrateCommand->runMigrations()
#39 C:/Users/Rurie/Downloads/coircraft-ph-newest/coircraft/backend/vendor/laravel/framework/src/Illuminate/Container/BoundMethod.php(36): Illuminate/Database/Console/Migrations/MigrateCommand->handle()
#40 C:/Users/Rurie/Downloads/coircraft-ph-newest/coircraft/backend/vendor/laravel/framework/src/Illuminate/Container/Util.php(43): Illuminate/Container/BoundMethod::Illuminate/Container/{closure}()
#41 C:/Users/Rurie/Downloads/coircraft-ph-newest/coircraft/backend/vendor/laravel/framework/src/Illuminate/Container/BoundMethod.php(95): Illuminate/Container/Util::unwrapIfClosure(Object(Closure))
#42 C:/Users/Rurie/Downloads/coircraft-ph-newest/coircraft/backend/vendor/laravel/framework/src/Illuminate/Container/BoundMethod.php(35): Illuminate/Container/BoundMethod::callBoundMethod(Object(Illuminate/Foundation/Application), Array, Object(Closure))
#43 C:/Users/Rurie/Downloads/coircraft-ph-newest/coircraft/backend/vendor/laravel/framework/src/Illuminate/Container/Container.php(696): Illuminate/Container/BoundMethod::call(Object(Illuminate/Foundation/Application), Array, Array, NULL)
#44 C:/Users/Rurie/Downloads/coircraft-ph-newest/coircraft/backend/vendor/laravel/framework/src/Illuminate/Console/Command.php(213): Illuminate/Container/Container->call(Array)
#45 C:/Users/Rurie/Downloads/coircraft-ph-newest/coircraft/backend/vendor/symfony/console/Command/Command.php(341): Illuminate/Console/Command->execute(Object(Symfony/Component/Console/Input/ArgvInput), Object(Illuminate/Console/OutputStyle))
#46 C:/Users/Rurie/Downloads/coircraft-ph-newest/coircraft/backend/vendor/laravel/framework/src/Illuminate/Console/Command.php(182): Symfony/Component/Console/Command/Command->run(Object(Symfony/Component/Console/Input/ArgvInput), Object(Illuminate/Console/OutputStyle))
#47 C:/Users/Rurie/Downloads/coircraft-ph-newest/coircraft/backend/vendor/symfony/console/Application.php(1117): Illuminate/Console/Command->run(Object(Symfony/Component/Console/Input/ArgvInput), Object(Symfony/Component/Console/Output/ConsoleOutput))
#48 C:/Users/Rurie/Downloads/coircraft-ph-newest/coircraft/backend/vendor/symfony/console/Application.php(356): Symfony/Component/Console/Application->doRunCommand(Object(Illuminate/Database/Console/Migrations/MigrateCommand), Object(Symfony/Component/Console/Input/ArgvInput), Object(Symfony/Component/Console/Output/ConsoleOutput))
#49 C:/Users/Rurie/Downloads/coircraft-ph-newest/coircraft/backend/vendor/symfony/console/Application.php(195): Symfony/Component/Console/Application->doRun(Object(Symfony/Component/Console/Input/ArgvInput), Object(Symfony/Component/Console/Output/ConsoleOutput))
#50 C:/Users/Rurie/Downloads/coircraft-ph-newest/coircraft/backend/vendor/laravel/framework/src/Illuminate/Foundation/Console/Kernel.php(198): Symfony/Component/Console/Application->run(Object(Symfony/Component/Console/Input/ArgvInput), Object(Symfony/Component/Console/Output/ConsoleOutput))
#51 C:/Users/Rurie/Downloads/coircraft-ph-newest/coircraft/backend/artisan(7): Illuminate/Foundation/Console/Kernel->handle(Object(Symfony/Component/Console/Input/ArgvInput), Object(Symfony/Component/Console/Output/ConsoleOutput))
#52 {main}

[previous exception] [object] (PDOException(code: 23000): SQLSTATE[23000]: Integrity constraint violation: 1062 Duplicate entry 'buyer@coircraft.ph' for key 'users_email_unique' at C:/Users/Rurie/Downloads/coircraft-ph-newest/coircraft/backend/vendor/laravel/framework/src/Illuminate/Database/MySqlConnection.php:53)
[stacktrace]
#0 C:/Users/Rurie/Downloads/coircraft-ph-newest/coircraft/backend/vendor/laravel/framework/src/Illuminate/Database/MySqlConnection.php(53): PDOStatement->execute()
#1 C:/Users/Rurie/Downloads/coircraft-ph-newest/coircraft/backend/vendor/laravel/framework/src/Illuminate/Database/Connection.php(812): Illuminate/Database/MySqlConnection->Illuminate/Database/{closure}('insert into `us...', Array)
#2 C:/Users/Rurie/Downloads/coircraft-ph-newest/coircraft/backend/vendor/laravel/framework/src/Illuminate/Database/Connection.php(779): Illuminate/Database/Connection->runQueryCallback('insert into `us...', Array, Object(Closure))
#3 C:/Users/Rurie/Downloads/coircraft-ph-newest/coircraft/backend/vendor/laravel/framework/src/Illuminate/Database/MySqlConnection.php(42): Illuminate/Database/Connection->run('insert into `us...', Array, Object(Closure))
#4 C:/Users/Rurie/Downloads/coircraft-ph-newest/coircraft/backend/vendor/laravel/framework/src/Illuminate/Database/Query/Processors/MySqlProcessor.php(35): Illuminate/Database/MySqlConnection->insert('insert into `us...', Array, 'id')
#5 C:/Users/Rurie/Downloads/coircraft-ph-newest/coircraft/backend/vendor/laravel/framework/src/Illuminate/Database/Query/Builder.php(3766): Illuminate/Database/Query/Processors/MySqlProcessor->processInsertGetId(Object(Illuminate/Database/Query/Builder), 'insert into `us...', Array, 'id')
#6 C:/Users/Rurie/Downloads/coircraft-ph-newest/coircraft/backend/vendor/laravel/framework/src/Illuminate/Database/Eloquent/Builder.php(2120): Illuminate/Database/Query/Builder->insertGetId(Array, 'id')
#7 C:/Users/Rurie/Downloads/coircraft-ph-newest/coircraft/backend/vendor/laravel/framework/src/Illuminate/Database/Eloquent/Model.php(1359): Illuminate/Database/Eloquent/Builder->__call('insertGetId', Array)
#8 C:/Users/Rurie/Downloads/coircraft-ph-newest/coircraft/backend/vendor/laravel/framework/src/Illuminate/Database/Eloquent/Model.php(1324): Illuminate/Database/Eloquent/Model->insertAndSetId(Object(Illuminate/Database/Eloquent/Builder), Array)
#9 C:/Users/Rurie/Downloads/coircraft-ph-newest/coircraft/backend/vendor/laravel/framework/src/Illuminate/Database/Eloquent/Model.php(1163): Illuminate/Database/Eloquent/Model->performInsert(Object(Illuminate/Database/Eloquent/Builder))
#10 C:/Users/Rurie/Downloads/coircraft-ph-newest/coircraft/backend/vendor/laravel/framework/src/Illuminate/Database/Eloquent/Builder.php(1128): Illuminate/Database/Eloquent/Model->save()
#11 C:/Users/Rurie/Downloads/coircraft-ph-newest/coircraft/backend/vendor/laravel/framework/src/Illuminate/Support/helpers.php(399): Illuminate/Database/Eloquent/Builder->Illuminate/Database/Eloquent/{closure}(Object(App/Models/User))
#12 C:/Users/Rurie/Downloads/coircraft-ph-newest/coircraft/backend/vendor/laravel/framework/src/Illuminate/Database/Eloquent/Builder.php(1127): tap(Object(App/Models/User), Object(Closure))
#13 C:/Users/Rurie/Downloads/coircraft-ph-newest/coircraft/backend/vendor/laravel/framework/src/Illuminate/Support/Traits/ForwardsCalls.php(23): Illuminate/Database/Eloquent/Builder->create(Array)
#14 C:/Users/Rurie/Downloads/coircraft-ph-newest/coircraft/backend/vendor/laravel/framework/src/Illuminate/Database/Eloquent/Model.php(2372): Illuminate/Database/Eloquent/Model->forwardCallTo(Object(Illuminate/Database/Eloquent/Builder), 'create', Array)
#15 C:/Users/Rurie/Downloads/coircraft-ph-newest/coircraft/backend/vendor/laravel/framework/src/Illuminate/Database/Eloquent/Model.php(2384): Illuminate/Database/Eloquent/Model->__call('create', Array)
#16 C:/Users/Rurie/Downloads/coircraft-ph-newest/coircraft/backend/database/seeders/DatabaseSeeder.php(17): Illuminate/Database/Eloquent/Model::__callStatic('create', Array)
#17 C:/Users/Rurie/Downloads/coircraft-ph-newest/coircraft/backend/vendor/laravel/framework/src/Illuminate/Container/BoundMethod.php(36): Database/Seeders/DatabaseSeeder->run()
#18 C:/Users/Rurie/Downloads/coircraft-ph-newest/coircraft/backend/vendor/laravel/framework/src/Illuminate/Container/Util.php(43): Illuminate/Container/BoundMethod::Illuminate/Container/{closure}()
#19 C:/Users/Rurie/Downloads/coircraft-ph-newest/coircraft/backend/vendor/laravel/framework/src/Illuminate/Container/BoundMethod.php(95): Illuminate/Container/Util::unwrapIfClosure(Object(Closure))
#20 C:/Users/Rurie/Downloads/coircraft-ph-newest/coircraft/backend/vendor/laravel/framework/src/Illuminate/Container/BoundMethod.php(35): Illuminate/Container/BoundMethod::callBoundMethod(Object(Illuminate/Foundation/Application), Array, Object(Closure))
#21 C:/Users/Rurie/Downloads/coircraft-ph-newest/coircraft/backend/vendor/laravel/framework/src/Illuminate/Container/Container.php(696): Illuminate/Container/BoundMethod::call(Object(Illuminate/Foundation/Application), Array, Array, NULL)
#22 C:/Users/Rurie/Downloads/coircraft-ph-newest/coircraft/backend/vendor/laravel/framework/src/Illuminate/Database/Seeder.php(188): Illuminate/Container/Container->call(Array, Array)
#23 C:/Users/Rurie/Downloads/coircraft-ph-newest/coircraft/backend/vendor/laravel/framework/src/Illuminate/Database/Seeder.php(197): Illuminate/Database/Seeder->Illuminate/Database/{closure}()
#24 C:/Users/Rurie/Downloads/coircraft-ph-newest/coircraft/backend/vendor/laravel/framework/src/Illuminate/Database/Console/Seeds/SeedCommand.php(70): Illuminate/Database/Seeder->__invoke()
#25 C:/Users/Rurie/Downloads/coircraft-ph-newest/coircraft/backend/vendor/laravel/framework/src/Illuminate/Database/Eloquent/Concerns/GuardsAttributes.php(155): Illuminate/Database/Console/Seeds/SeedCommand->Illuminate/Database/Console/Seeds/{closure}()
#26 C:/Users/Rurie/Downloads/coircraft-ph-newest/coircraft/backend/vendor/laravel/framework/src/Illuminate/Database/Console/Seeds/SeedCommand.php(69): Illuminate/Database/Eloquent/Model::unguarded(Object(Closure))
#27 C:/Users/Rurie/Downloads/coircraft-ph-newest/coircraft/backend/vendor/laravel/framework/src/Illuminate/Container/BoundMethod.php(36): Illuminate/Database/Console/Seeds/SeedCommand->handle()
#28 C:/Users/Rurie/Downloads/coircraft-ph-newest/coircraft/backend/vendor/laravel/framework/src/Illuminate/Container/Util.php(43): Illuminate/Container/BoundMethod::Illuminate/Container/{closure}()
#29 C:/Users/Rurie/Downloads/coircraft-ph-newest/coircraft/backend/vendor/laravel/framework/src/Illuminate/Container/BoundMethod.php(95): Illuminate/Container/Util::unwrapIfClosure(Object(Closure))
#30 C:/Users/Rurie/Downloads/coircraft-ph-newest/coircraft/backend/vendor/laravel/framework/src/Illuminate/Container/BoundMethod.php(35): Illuminate/Container/BoundMethod::callBoundMethod(Object(Illuminate/Foundation/Application), Array, Object(Closure))
#31 C:/Users/Rurie/Downloads/coircraft-ph-newest/coircraft/backend/vendor/laravel/framework/src/Illuminate/Container/Container.php(696): Illuminate/Container/BoundMethod::call(Object(Illuminate/Foundation/Application), Array, Array, NULL)
#32 C:/Users/Rurie/Downloads/coircraft-ph-newest/coircraft/backend/vendor/laravel/framework/src/Illuminate/Console/Command.php(213): Illuminate/Container/Container->call(Array)
#33 C:/Users/Rurie/Downloads/coircraft-ph-newest/coircraft/backend/vendor/symfony/console/Command/Command.php(341): Illuminate/Console/Command->execute(Object(Symfony/Component/Console/Input/ArrayInput), Object(Illuminate/Console/OutputStyle))
#34 C:/Users/Rurie/Downloads/coircraft-ph-newest/coircraft/backend/vendor/laravel/framework/src/Illuminate/Console/Command.php(182): Symfony/Component/Console/Command/Command->run(Object(Symfony/Component/Console/Input/ArrayInput), Object(Illuminate/Console/OutputStyle))
#35 C:/Users/Rurie/Downloads/coircraft-ph-newest/coircraft/backend/vendor/laravel/framework/src/Illuminate/Console/Concerns/CallsCommands.php(68): Illuminate/Console/Command->run(Object(Symfony/Component/Console/Input/ArrayInput), Object(Illuminate/Console/OutputStyle))
#36 C:/Users/Rurie/Downloads/coircraft-ph-newest/coircraft/backend/vendor/laravel/framework/src/Illuminate/Console/Concerns/CallsCommands.php(29): Illuminate/Console/Command->runCommand('db:seed', Array, Object(Illuminate/Console/OutputStyle))
#37 C:/Users/Rurie/Downloads/coircraft-ph-newest/coircraft/backend/vendor/laravel/framework/src/Illuminate/Database/Console/Migrations/MigrateCommand.php(126): Illuminate/Console/Command->call('db:seed', Array)
#38 C:/Users/Rurie/Downloads/coircraft-ph-newest/coircraft/backend/vendor/laravel/framework/src/Illuminate/Database/Migrations/Migrator.php(658): Illuminate/Database/Console/Migrations/MigrateCommand->Illuminate/Database/Console/Migrations/{closure}()
#39 C:/Users/Rurie/Downloads/coircraft-ph-newest/coircraft/backend/vendor/laravel/framework/src/Illuminate/Database/Console/Migrations/MigrateCommand.php(110): Illuminate/Database/Migrations/Migrator->usingConnection(NULL, Object(Closure))
#40 C:/Users/Rurie/Downloads/coircraft-ph-newest/coircraft/backend/vendor/laravel/framework/src/Illuminate/Database/Console/Migrations/MigrateCommand.php(89): Illuminate/Database/Console/Migrations/MigrateCommand->runMigrations()
#41 C:/Users/Rurie/Downloads/coircraft-ph-newest/coircraft/backend/vendor/laravel/framework/src/Illuminate/Container/BoundMethod.php(36): Illuminate/Database/Console/Migrations/MigrateCommand->handle()
#42 C:/Users/Rurie/Downloads/coircraft-ph-newest/coircraft/backend/vendor/laravel/framework/src/Illuminate/Container/Util.php(43): Illuminate/Container/BoundMethod::Illuminate/Container/{closure}()
#43 C:/Users/Rurie/Downloads/coircraft-ph-newest/coircraft/backend/vendor/laravel/framework/src/Illuminate/Container/BoundMethod.php(95): Illuminate/Container/Util::unwrapIfClosure(Object(Closure))
#44 C:/Users/Rurie/Downloads/coircraft-ph-newest/coircraft/backend/vendor/laravel/framework/src/Illuminate/Container/BoundMethod.php(35): Illuminate/Container/BoundMethod::callBoundMethod(Object(Illuminate/Foundation/Application), Array, Object(Closure))
#45 C:/Users/Rurie/Downloads/coircraft-ph-newest/coircraft/backend/vendor/laravel/framework/src/Illuminate/Container/Container.php(696): Illuminate/Container/BoundMethod::call(Object(Illuminate/Foundation/Application), Array, Array, NULL)
#46 C:/Users/Rurie/Downloads/coircraft-ph-newest/coircraft/backend/vendor/laravel/framework/src/Illuminate/Console/Command.php(213): Illuminate/Container/Container->call(Array)
#47 C:/Users/Rurie/Downloads/coircraft-ph-newest/coircraft/backend/vendor/symfony/console/Command/Command.php(341): Illuminate/Console/Command->execute(Object(Symfony/Component/Console/Input/ArgvInput), Object(Illuminate/Console/OutputStyle))
#48 C:/Users/Rurie/Downloads/coircraft-ph-newest/coircraft/backend/vendor/laravel/framework/src/Illuminate/Console/Command.php(182): Symfony/Component/Console/Command/Command->run(Object(Symfony/Component/Console/Input/ArgvInput), Object(Illuminate/Console/OutputStyle))
#49 C:/Users/Rurie/Downloads/coircraft-ph-newest/coircraft/backend/vendor/symfony/console/Application.php(1117): Illuminate/Console/Command->run(Object(Symfony/Component/Console/Input/ArgvInput), Object(Symfony/Component/Console/Output/ConsoleOutput))
#50 C:/Users/Rurie/Downloads/coircraft-ph-newest/coircraft/backend/vendor/symfony/console/Application.php(356): Symfony/Component/Console/Application->doRunCommand(Object(Illuminate/Database/Console/Migrations/MigrateCommand), Object(Symfony/Component/Console/Input/ArgvInput), Object(Symfony/Component/Console/Output/ConsoleOutput))
#51 C:/Users/Rurie/Downloads/coircraft-ph-newest/coircraft/backend/vendor/symfony/console/Application.php(195): Symfony/Component/Console/Application->doRun(Object(Symfony/Component/Console/Input/ArgvInput), Object(Symfony/Component/Console/Output/ConsoleOutput))
#52 C:/Users/Rurie/Downloads/coircraft-ph-newest/coircraft/backend/vendor/laravel/framework/src/Illuminate/Foundation/Console/Kernel.php(198): Symfony/Component/Console/Application->run(Object(Symfony/Component/Console/Input/ArgvInput), Object(Symfony/Component/Console/Output/ConsoleOutput))
#53 C:/Users/Rurie/Downloads/coircraft-ph-newest/coircraft/backend/artisan(7): Illuminate/Foundation/Console/Kernel->handle(Object(Symfony/Component/Console/Input/ArgvInput), Object(Symfony/Component/Console/Output/ConsoleOutput))
#54 {main}
"} 
